Timestamp, Schematic, Workspace, Bitblox #, FGU #, Connection #, Uniqueness clauses, Uniqueness time, Collision clauses, Collision time, Short clauses, Short time, Connection clauses, Connection time, Fixed Bitblox, MemError, SAT time (TO=240), SAT,
2/2/2015 18:23, Random-12, 9-9-3,16,168,12,7550496,8.595000029,2747360,16.92500114,4032064,24.61499882,269388,0.901000023,0, ,,,
2/2/2015 18:26, Random-8, 9-9-3,11,128,8,5190966,6.325999975,1390880,9.076999426,1769728,11.18200064,257544,0.996999979,0,0,3.23300004,1,
2/2/2015 18:30, Random-8, 9-9-3,9,112,8,4247154,5.003999949,1084000,6.915000439,1053056,6.770999432,246536,2.013999939,0,0,36.46800017,1, 
2/2/2015 18:57, Random-8, 9-9-3,12,136,8,5662872,6.369999886,1626752,9.881999254,2362048,14.13000083,163688,0.657999992,0,0,53.10500002,0, 
2/2/2015 18:58, Random-8, 9-9-3,13,144,9,6134778,6.201999903,1880336,11.45099926,2709712,16.08600092,229225,1.003000021,0,0, ,,
2/2/2015 19:02, Random-8, 9-9-3,13,184,8,6134778,6.667000055,2379664,16.55200076,2471152,17.82599926,284552,1.375999928,0,0,16.91199994,1, 
2/2/2015 19:04, Random-8, 9-9-3,11,128,8,5190966,6.154000044,1240560,8.375001192,1827488,12.0869987,313896,1.258000135,0,0,3.290999889,1, 
2/2/2015 19:05, Random-8, 9-9-3,11,128,8,5190966,6.161000013,1531408,9.998000383,1501712,10.34199977,227912,0.751999855,0,0, ,,
2/2/2015 19:07, Random-8, 9-9-3,10,120,8,4719060,5.22300005,1172720,7.39800024,1508368,9.355999708,176072,0.601000071,0,0, ,,
2/2/2015 19:11, Random-8, 9-9-3,13,144,8,6134778,6.711999893,2049664,12.54800057,2305776,14.28599906,240456,0.831999779,0,0,54.19799995,1, 
2/2/2015 19:13, Random-8, 9-9-3,11,128,8,5190966,6.153000116,1531408,9.699999332,1775648,11.57500052,170888,0.582000017,0,0,96.4849999,1, 
2/2/2015 19:15, Random-8, 9-9-3,11,168,8,5190966,6.180999994,1661280,11.92299891,1982560,14.348001,302280,1.230999947,0,0,72.72600007,1, 
2/2/2015 19:17, Random-8, 9-9-3,10,160,8,4719060,5.237000227,1274240,10.0079999,1730976,13.27200007,326728,1.412999868,0,0, ,,
2/2/2015 19:21, Random-8, 9-9-3,12,136,8,5662872,6.414000034,1626752,10.72600007,1959904,13.29900002,262280,0.899999857,0,0,141.6129999,1, 
2/2/2015 19:24, Random-8, 9-9-3,11,128,8,5190966,6.159000158,1390880,8.170000553,1702624,9.883999348,216200,0.701999903,0,0, ,,
2/2/2015 19:28, Random-8, 9-9-3,12,176,8,5662872,6.438999891,2085040,15.45799947,2205504,16.92100072,306280,2.989000082,0,0, ,,
2/2/2015 19:32, Random-8, 9-9-3,12,176,8,5662872,6.427000046,1923792,13.31900144,2175264,15.29399848,331080,1.53399992,0,0,29.75900006,1, 
2/2/2015 19:33, Random-8, 9-9-3,13,144,8,6134778,6.680000067,1880336,12.24799991,2362288,15.37900019,313992,1.119999886,0,0,26.6099999,1, 
2/2/2015 19:34, Random-8, 9-9-3,12,136,8,5662872,6.420000076,1626752,10.05499935,2224624,13.52400064,234408,1.006999969,0,0,39.17600012,1, 
2/2/2015 19:35, Random-8, 9-9-3,11,128,8,5190966,6.204999924,1240560,8.483999491,1789264,12.13900065,284456,0.982000113,0,0,202.994,1, 
2/2/2015 19:39, Random-8, 9-9-3,12,136,8,5662872,6.444000006,1462032,9.315000534,2318672,14.35099936,197672,0.763999939,0,0,67.85700011,1, 
2/2/2015 19:41, Random-8, 9-9-3,13,184,8,6134778,6.697000027,2204016,15.08000016,2729984,18.65999985,250760,0.980000019,0,0,23.16100001,1, 
2/2/2015 19:43, Random-8, 9-9-3,12,136,8,5662872,6.421000004,1781680,10.37399983,1964368,11.3210001,243048,0.844000101,0,0, ,,
2/2/2015 19:47, Random-8, 9-9-3,14,152,8,6606684,7.763999939,2151632,13.80199957,3051712,19.41100049,255176,1.029999971,0,0,7.846999884,1, 
2/2/2015 19:48, Random-8, 9-9-3,11,168,8,5190966,6.15899992,1504640,11.68299961,2042128,15.69100046,306152,1.303000212,0,0,72.14399982,1, 
2/2/2015 19:49, Random-8, 9-9-3,14,192,8,6606684,7.756999969,2501952,17.54599881,3191280,21.18100119,317096,2.271999836,0,0,74.5,1, 
2/2/2015 19:52, Random-8, 9-9-3,10,80,8,4719060,5.252000093,1046448,5.462998867,1224576,6.401001215,159848,0.492000103,0,0, ,,
2/2/2015 19:56, Random-8, 9-9-3,11,88,8,5190966,6.157999992,1118160,5.907001734,1605168,8.467998028,182888,0.569000006,0,0,2.888999939,1, 
2/2/2015 19:56, Random-8, 9-9-3,11,128,8,5190966,6.167999983,1390880,8.95099926,1866624,12.01500058,190472,0.651000023,0,0,7.697999954,1, 
2/2/2015 19:57, Random-8, 9-9-3,10,160,8,4719060,5.263000011,1274240,10.54900026,1431568,12.66799951,388968,1.729000092,0,0, ,,
2/2/2015 20:01, Random-8, 9-9-3,11,88,8,5190966,6.172999859,1118160,5.928000212,1513728,8.018999815,168776,0.523999929,0,0,129.7459998,0, 
2/2/2015 20:03, Random-8, 9-9-3,12,96,9,5662872,5.407000065,1327392,7.167999029,1787328,9.64000082,216009,0.674999952,0,0, ,,
2/2/2015 20:05, Random-8, 9-9-3,13,184,8,6134778,6.683000088,2379664,17.1469996,2548544,19.21800041,300264,1.328999996,0,0,10.75600004,1, 
2/2/2015 20:06, Random-8, 9-9-3,11,128,8,5190966,6.157000065,1390880,8.923999786,1726832,11.23600006,255560,0.943000078,0,0,20.03900003,1, 
2/2/2015 20:07, Random-8, 9-9-3,14,192,8,6606684,7.804000139,2692000,19.76400042,2837024,22.12799931,306152,1.309000015,0,0,16.49600005,1, 
2/2/2015 20:08, Random-8, 9-9-3,10,120,8,4719060,5.231999874,1036800,7.244000673,1535040,10.42299938,237224,0.94900012,0,0,147.5910001,1, 
2/2/2015 20:11, Random-8, 9-9-3,10,80,8,4719060,5.289000034,926640,4.872998238,1220400,6.386001825,208232,0.657000065,0,0,17.42800021,1, 
2/2/2015 20:12, Random-8, 9-9-3,10,160,8,4719060,5.259000063,1416480,10.06799936,1499136,10.95000052,298888,1.481999874,0,0, ,,
2/2/2015 20:16, Random-8, 9-9-3,12,176,8,5662872,6.447999954,1752752,12.99499869,2712288,18.40600109,265672,3.582000017,0,0,15.17799997,1, 
2/2/2015 20:17, Random-8, 9-9-3,11,128,8,5190966,6.177000046,1531408,8.967000008,1451824,8.514999866,327688,1.397000074,0,0,17.32200003,1, 
2/2/2015 20:18, Random-8, 9-9-3,13,184,8,6134778,6.68599987,2379664,16.26700115,2715360,19.21299911,229736,0.993999958,0,0,57.05599999,1, 
2/2/2015 20:20, Random-8, 9-9-3,13,184,8,6134778,6.673000097,2379664,15.93900013,2479536,17.03799987,324936,1.464999914,0,0, ,,
2/2/2015 20:24, Random-8, 9-9-3,12,136,8,5662872,6.414999962,1781680,11.60499859,2030416,13.34200144,242856,0.90199995,0,0, ,,
2/2/2015 20:28, Random-8, 9-9-3,12,176,8,5662872,6.444999933,2085040,15.48100019,1982144,14.86399984,329768,2.50999999,0,0,34.89300013,1, 
2/2/2015 20:29, Random-8, 9-9-3,10,120,8,4719060,5.252999783,1172720,7.978000164,1572336,10.78699994,193064,0.65199995,0,0, ,,
2/2/2015 20:33, Random-8, 9-9-3,12,176,8,5662872,6.446000099,1923792,13.3700006,2296112,16.00599933,265064,2.562000036,0,0,57.77699995,1, 
2/2/2015 20:35, Random-8, 9-9-3,13,104,8,6134778,6.709000111,1717344,9.050001383,2256048,11.85499859,135944,1.792999983,0,0,3.996999979,1, 
2/2/2015 20:36, Random-8, 9-9-3,9,112,8,4247154,4.976000071,1084000,6.896999598,1069744,7.18500042,218216,1.653999805,0,0,7.637999773,1, 
2/2/2015 20:36, Random-8, 9-9-3,12,176,8,5662872,6.453999996,2085040,14.90300083,2000832,15.30699921,292392,1.231999874,0,0,90.1420002,1, 
2/2/2015 20:38, Random-8, 9-9-3,12,136,8,5662872,6.424000025,1462032,9.726000786,2227264,14.58699942,277160,0.914000034,0,0,122.118,1, 
2/2/2015 20:41, Random-8, 9-9-3,13,144,8,6134778,6.694000006,2049664,12.14400077,2522544,15.04899907,184424,0.625999928,0,0,33.5,1, 
2/2/2015 20:42, Random-8, 9-9-3,12,136,8,5662872,6.447000027,1626752,9.697999239,2114864,12.51000047,218696,0.730000019,0,0,18.41000009,1, 
2/2/2015 20:43, Random-8, 9-9-3,11,168,8,5190966,6.164000034,1661280,12.07100034,1888064,14.12399936,295688,1.024999857,0,0, ,,
2/2/2015 20:47, Random-8, 9-9-3,11,128,8,5190966,6.144000053,1531408,9.11199975,1696656,10.06000018,213224,0.832000017,0,0,7.952000141,1, 
2/2/2015 20:48, Random-8, 9-9-3,11,128,8,5190966,6.200000048,1390880,8.263999939,1850992,10.88499999,182792,0.644000053,0,0, ,,
2/2/2015 20:52, Random-8, 9-9-3,13,144,8,6134778,6.70600009,2049664,12.70300055,2334320,14.70199919,183368,0.595000029,0,0,16.39499998,1, 
2/2/2015 20:53, Random-8, 9-9-3,11,168,8,5190966,6.222000122,1808128,12.20699978,1803776,12.57400012,337512,1.761999846,0,0,48.67700005,1, 
2/2/2015 20:55, Random-8, 9-9-3,11,168,8,5190966,6.200000048,1504640,12.1149981,2133344,17.12100196,283848,1.053999901,0,0, ,,
2/2/2015 20:59, Random-8, 9-9-3,12,96,8,5662872,6.437999964,1476000,7.765000105,1892016,9.950999975,137096,0.424000025,0,0,6.305000067,1, 
2/2/2015 20:59, Random-8, 9-9-3,9,152,8,4247154,4.981999874,1061552,8.495999575,1532560,12.06700039,266184,0.983999968,0,0, ,,
2/2/2015 21:03, Random-8, 9-9-3,10,160,8,4719060,5.234999895,1416480,10.32200003,1648048,12.41700006,233064,0.93599987,0,0, ,,
2/2/2015 21:07, Random-8, 9-9-3,12,136,8,5662872,6.417000055,1626752,9.706000328,2248528,13.21399975,196392,0.887000084,0,0,7.55700016,1, 
2/2/2015 21:08, Random-8, 9-9-3,11,128,8,5190966,6.19299984,1390880,8.734000444,1843648,11.47699976,236424,1.010999918,0,0,174.777,1, 
2/2/2015 21:11, Random-8, 9-9-3,10,120,8,4719060,5.258000135,1172720,7.141000748,1329200,8.061999321,330280,1.209000111,0,0, ,,
2/2/2015 21:15, Random-8, 9-9-3,12,176,8,5662872,6.438999891,1923792,14.0470016,2353952,17.58799863,257544,2.416999817,0,0, ,,
2/2/2015 21:19, Random-6, 9-9-3,9,152,6,4247154,5.00999999,1061552,8.41600132,1276464,10.32999873,309862,1.394000053,0,0,14.60500002,1, 
2/2/2015 21:20, Random-4, 9-9-3,8,64,4,3775248,4.207999945,596736,3.125999212,676512,3.536000729,110020,0.345999956,0,0,2.700000048,1, 
2/2/2015 21:20, Random-8, 9-9-3,12,176,8,5662872,6.433000088,2085040,14.65399981,2048960,15.23200011,309480,1.542999983,0,0,25.07299995,1, 
2/2/2015 21:22, Random-4, 9-9-3,6,88,4,2831436,3.251000166,398880,2.838999748,489520,3.313000202,187076,0.914999962,0,0,2.082000017,1, 
2/2/2015 21:22, Random-12, 9-9-3,14,192,12,6606684,7.808000088,2501952,18.09499836,3208992,23.62100172,400204,3.323000193,0,0, ,,
2/2/2015 21:26, Random-10, 9-9-3,15,200,10,7078590,8.04399991,3022048,20.42900157,3600352,25.0639987,241066,0.996000051,0, ,,,
2/2/2015 21:27, Random-3, 9-9-3,6,48,3,2831436,3.286000013,337680,1.781000137,411264,2.162999868,58179,0.180999994,0,0,1.29399991,1, 
2/2/2015 21:27, Random-10, 9-9-3,13,184,10,6134778,6.737999916,2204016,15.51199985,2736672,19.3360002,355914,1.508999825,0,0,44.82800007,1, 
2/2/2015 21:29, Random-12, 9-9-3,16,168,12,7550496,8.343999863,2959888,17.71699905,3660016,22.19100118,319020,1.09100008,0, ,,,
2/2/2015 21:30, Random-8, 9-9-3,10,80,8,4719060,5.263999939,926640,4.899000168,1176192,6.205999851,229256,0.717000008,0,0,89.62199998,1, 
2/2/2015 21:32, Random-6, 9-9-3,8,104,6,3775248,4.231000185,682416,4.642999887,1148848,7.478999853,146598,0.536000013,0,0,11.58599997,1, 
2/2/2015 21:32, Random-6, 9-9-3,10,160,6,4719060,5.322000027,1416480,10.3380003,1543152,10.46599984,210854,1.851000071,0,0,33.08000016,1, 
2/2/2015 21:33, Random-11, 9-9-3,14,152,11,6606684,7.813000202,2335360,15.04699826,2527168,16.64200163,411435,1.690000057,0,0, ,,
2/2/2015 21:37, Random-9, 9-9-3,11,128,9,5190966,6.234000206,1390880,8.997000456,1876272,12.10899949,220009,0.969000101,0,0, ,,
2/2/2015 21:41, Random-5, 9-9-3,8,144,5,3775248,4.117999792,866576,7.690999508,1055168,9.511000633,311749,1.737000227,0,0,12.93999982,1, 
2/2/2015 21:42, Random-12, 9-9-3,13,144,12,6134778,6.742000103,1880336,11.78299928,2543328,15.69300079,277452,1.042000055,0,0, ,,
2/2/2015 21:46, Random-7, 9-9-3,10,160,7,4719060,5.590999842,1416480,11.52600074,1616752,12.22499943,342439,2.631999969,0,0,19.13100004,1, 
2/2/2015 21:47, Random-5, 9-9-3,8,104,5,3775248,4.558000088,682416,5.292000532,914288,7.184999466,199973,0.768999815,0,0,7.83100009,1, 
2/2/2015 21:48, Random-6, 9-9-3,10,120,6,4719060,5.790999889,1036800,7.729999542,1422992,10.35600066,275398,1.294000149,0,0,17.48399997,1, 
2/2/2015 21:48, Random-7, 9-9-3,11,168,7,5190966,6.712999821,1504640,11.6850009,2109056,15.93099928,229447,0.90899992,0,0, ,,
2/2/2015 21:52, Random-3, 9-9-3,5,120,3,2359530,2.829999924,458160,4.361000538,297824,3.818999529,143043,0.819000006,0,0,220.6230001,1, 
2/2/2015 21:56, Random-7, 9-9-3,11,128,7,5190966,6.717999935,1390880,9.00900054,1535584,9.942999363,294311,2.292999983,0,0,17.75199986,1, 
2/2/2015 21:57, Random-8, 9-9-3,13,184,8,6134778,7.055000067,2204016,17.06900024,2710528,21.11299968,289672,1.188000202,0, ,,,
2/2/2015 21:58, Random-9, 9-9-3,12,176,9,5662872,7.016000032,1923792,13.42599916,2328944,16.39100099,307561,2.610000134,0,0,14.03600001,1, 
2/2/2015 21:59, Random-7, 9-9-3,9,152,7,4247154,4.984999895,1307440,9.832000256,1139216,7.730999708,351175,2.942000151,0,0,3.384000063,1, 
2/2/2015 22:00, Random-7, 9-9-3,11,128,7,5190966,6.069000006,1390880,8.377999783,1670528,10.07900023,220711,0.757999897,0,0,113.8829999,1, 
2/2/2015 22:02, Random-6, 9-9-3,8,104,6,3775248,4.110999823,789536,5.296000481,911072,6.053999662,190630,0.68900013,0,0,5.734999895,1, 
2/2/2015 22:03, Random-3, 9-9-3,6,48,3,2831436,3.225999832,265680,1.404999971,460512,2.40500021,67395,0.207999945,0,0,1.202000141,1, 
2/2/2015 22:03, Random-12, 9-9-3,16,208,12,7550496,8.093999863,3150960,21.95299935,4270688,29.70700073,411788,1.663000107,0, ,,,
2/2/2015 22:04, Random-8, 9-9-3,13,144,8,6134778,6.473999977,1880336,11.25000095,2528512,14.99499917,258248,1.00999999,0,0,46.76599979,1, 
2/2/2015 22:06, Random-8, 9-9-3,11,128,8,5190966,6,1390880,8.436000824,1863744,11.13299918,196232,0.698000193,0,0, ,,
2/2/2015 22:10, Random-7, 9-9-3,10,120,7,4719060,5.083999872,1172720,7.63100028,1513264,9.926999807,166279,0.664999962,0,0,22.58699989,1, 
2/2/2015 22:10, Random-4, 9-9-3,6,88,4,2831436,3.151000023,477200,3.163000345,505984,3.35199976,102436,0.403999805,0,0,3.095999956,1, 
2/2/2015 22:11, Random-4, 9-9-3,8,64,4,3775248,4.072999954,596736,3.107999802,733680,3.833000183,94180,0.950000048,0,0,2.195999861,1, 
2/2/2015 22:11, Random-8, 9-9-3,11,168,8,5190966,5.940999985,1661280,11.924999,1696640,11.83300114,337544,2.387000084,0,0,20.75499988,1, 
2/2/2015 22:12, Random-3, 9-9-3,5,40,3,2359530,2.575000048,177120,0.937999725,275328,1.436000109,77187,0.235999823,0,0,0.770999908,1, 
2/2/2015 22:12, Random-5, 9-9-3,6,88,5,2831436,3.147000074,477200,3.276000261,269296,2.117999792,292549,1.082000017,0,0, ,,
2/2/2015 22:17, Random-12, 9-9-3,16,168,12,7550496,8.145999908,2959888,17.31100106,3822848,22.19599891,290796,0.953999996,0, ,,,
2/2/2015 22:19, Remote-5, 10-10-2,16,168,15,5113600,5.307999849,1983360,12.4059999,2482400,16.13600039,196175,0.981999874,0,0,3.009000063,1, 
2/2/2015 22:20, Remote-7, 10-10-2,22,216,21,7031200,7.903000116,3704064,23.04900289,4828320,31.03899717,274645,1.349000216,0, ,,,
2/2/2015 22:21, Remote-6, 10-10-2,19,192,18,6072400,6.517999887,2777472,18.80100012,3558720,25.19499993,235410,1.131999969,0,0,141.5420001,1, 
2/2/2015 22:26, Remote-5, 10-10-2,16,168,15,5113600,5.467000008,1983360,12.48900151,2482400,16.1659987,196175,0.993999958,0,0,3.068000078,1, 
2/2/2015 22:27, Remote-4, 10-10-2,13,144,12,4154800,4.828000069,1321728,9.034001112,1599360,11.59499884,156940,0.761000156,0,0,53.83599997,1, 
2/2/2015 22:29, Remote-3, 10-10-2,10,120,9,3196000,3.394000053,792576,6.046999931,909600,7.55099988,117705,0.573999882,0,0,12.37399983,1, 
2/2/2015 22:34, Remote-4, 10-10-2,13,144,12,4154800,4.710000038,1321728,8.872001171,1599360,11.38799882,156940,0.752000093,0,0,45.75600004,1, 
2/2/2015 22:36, Remote-2, 10-10-2,7,96,6,2237200,2.481999874,395904,2.725999832,413120,3.025000334,78470,0.375999928,0,0,34.05699992,1,
2/2/2015 22:47, Filter-1, 3-4-2,2,16,1,9120,0.006000042,1472,0.020999908,1680,0.023999929,1121,0.008000135,0,0,0.00999999,1, 
2/2/2015 22:47, Filter-2, 5-4-2,6,48,6,76320,0.064999819,39360,0.411000967,43680,0.46799922,16966,0.100999832,0,0, ,,
2/2/2015 22:49, Filter-1, 3-4-2,2,16,1,9120,0.005000114,1472,0.020999908,1680,0.025000095,1121,0.009000063,0,0,0.00999999,1, 
2/2/2015 22:49, Filter-1, 3-4-2,2,16,1,9120,0.006000042,1472,0.020999908,1680,0.025000095,1121,0.009000063,0,0,0.00999999,1, 
2/2/2015 22:50, Filter-2, 5-4-2,7,56,7,89040,0.068000078,55104,0.543000221,59696,0.689999819,21543,0.177000046,0,0, ,,
2/2/2015 22:55, Filter-2, 4-4-2,8,64,8,65024,0.056999922,57344,0.668000221,60928,0.767999887,21512,0.147000074,0,0,0.194000006,1, 
2/2/2015 22:55, Filter-1, 2-4-2,3,24,2,6048,0.004000187,2688,0.054999828,2784,0.062000036,1858,0.021000147,0,0,0.010999918,1, 
2/2/2015 22:56, Filter-3, 6-4-2,13,104,14,238368,0.231999874,249600,2.182999611,274656,2.694000483,60494,0.33100009,0,0, ,,
2/2/2015 22:57, Filter-2, 4-4-2,8,64,8,65024,0.056999922,57344,0.649000883,60928,0.757999182,21512,0.150000095,0,0,0.194000006,1, 
2/2/2015 23:00, Filter-3, 6-4-2,13,104,14,238368,0.230000019,249600,2.193999529,274656,2.708000422,60494,0.327000141,0,0,143.3670001,1, 
2/2/2015 23:04, Filter-4, 8-4-2,18,144,20,587520,0.615999937,665856,5.116998672,745728,6.346001387,118804,0.867000103,0,0,,1, 
2/2/2015 23:13, Filter-5, 10-4-2,23,184,26,1173920,1.312000036,1392512,9.936001301,1575904,12.31999874,196442,0.871999979,0,0,,1, 
2/2/2015 23:26, Filter-5, 10-4-3,23,184,26,2644080,3.160999775,2088768,13.30700111,3151808,19.85899925,392858,2.56400013,0,0, ,,
2/2/2015 23:54, Filter-6, 12-4-2,28,224,32,2059008,2.226999998,2515968,16.82300019,2866944,20.44699979,293408,1.175000191,0,0, ,,
2/3/2015 0:10, Random-9, 9-9-3,10,120,9,4719060,5.360999823,1298848,8.477000952,1230576,8.436999083,225897,0.844000101,0,0, ,,
2/3/2015 0:14, Random-10, 10-10-3,12,136,10,8632800,10.17499995,2063040,11.75299835,2715968,15.40500164,329994,1.05099988,0,0, ,,
2/3/2015 0:18, Random-8, 8-8-3,13,184,8,3828864,4.695999861,1658624,13.88800025,1993024,17.01099992,265992,1.294999838,0,0,20.74500012,1, 
2/3/2015 0:19, Random-7, 7-7-3,9,112,7,1553202,1.958999872,538032,4.035000563,641824,4.774999619,94375,0.434000015,0,0,18.34099984,1, 
2/3/2015 0:19, Random-5, 5-5-3,6,88,5,269100,0.256999969,107792,1.961000443,102624,2.03099966,41413,0.394999981,0,0,18.89700007,1, 
2/3/2015 0:20, Random-7, 7-7-3,10,120,7,1725780,2.200999975,651952,5.322001696,819408,6.716998339,114791,1.029000044,0,0,27.63200021,0, 
2/3/2015 0:20, Random-7, 7-7-3,11,128,8,1898358,1.909999847,776288,6.275998592,976480,7.941001415,142568,0.627000093,0,0,31.64400005,0, 
2/3/2015 0:21, Random-7, 7-7-3,12,136,9,2070936,2.13499999,911040,7.160999537,1147440,9.088000536,170345,0.710000038,0,0,37.74099994,0, 
2/3/2015 0:22, Random-5, 5-5-3,9,112,5,403650,0.493000031,263008,4.053999901,266624,4.31400013,33893,0.301000118,0,0,0.819000006,1, 
2/3/2015 0:23, Random-5, 5-5-3,7,56,5,313950,0.488000154,130800,1.149000168,157360,1.360999823,31205,0.26699996,0,0,25.89100003,0, 
2/3/2015 0:23, Random-5, 5-5-3,8,64,6,358800,0.379999876,170240,1.271999359,205600,1.525000811,42886,0.328000069,0,0, ,,
2/3/2015 0:27, Random-9, 9-9-3,12,96,9,5662872,6.63499999,1327392,7.339999437,1970640,10.88800073,155241,0.505000114,0,0,11.96099997,1, 
2/3/2015 0:27, Random-4, 4-4-3,7,56,4,128352,0.127000093,64512,0.594000101,125312,1.073999882,13572,0.068000078,0,0,0.179000139,1, 
2/3/2015 0:27, Random-10, 10-10-3,12,136,10,8632800,10.30299997,2257472,13.42199969,2501376,15.15500045,303754,0.996000051,0,0, ,,
2/3/2015 1:14, Random-9, 9-9-3,9,152,9,4247154,4.951000214,1189392,8.852998972,1077824,8.237000942,498409,1.88499999,0,0, ,,
2/3/2015 1:18, Random-8, 8-8-3,12,136,8,3534336,4.064999819,1115136,8.042999268,1813056,12.31300092,209032,1.872999907,0,0,4.921999931,1, 
2/3/2015 1:19, Random-5, 5-5-3,9,72,5,403650,0.437999964,214720,1.48300004,299360,2.030999899,28165,0.110999823,0,0,0.569000006,1, 
2/3/2015 1:19, Random-5, 5-5-3,8,64,5,358800,0.350000143,170240,1.168999195,208080,1.422000647,37925,0.148000002,0,0,8.463999987,1, 
2/3/2015 1:19, Random-3, 3-3-3,6,88,3,34668,0.039000034,18720,0.970999718,31792,1.231000185,5859,0.200999975,0,0,0.029999971,0, 
2/3/2015 1:19, Random-3, 3-3-3,7,96,4,40446,0.023999929,27216,1.309999943,44224,1.551000118,8804,0.38499999,0,0,0.039999962,0, 
2/3/2015 1:19, Random-3, 3-3-3,8,104,5,46224,0.029000044,37296,1.539999962,58416,1.834000111,12453,0.368999958,0,0,0.051000118,0, 
2/3/2015 1:20, Random-9, 9-9-3,12,136,9,5662872,6.388999939,1781680,11.10399914,1912640,12.30700111,253545,0.930000067,0,0, ,,
2/3/2015 1:24, Random-10, 10-10-3,11,168,10,7913400,8.39199996,1941248,12.79500008,2862496,18.48900008,527818,2.203999996,0,0, ,,
2/3/2015 1:28, Random-7, 7-7-3,11,128,7,1898358,2.09100008,689520,4.747000456,1169712,7.579999447,91015,0.333999872,0,0,23.59800005,1, 
2/3/2015 1:29, Random-3, 3-3-3,6,88,3,34668,0.037999868,18720,1.18200016,31792,1.65899992,5859,0.074999809,0,0,0.029000044,0, 
2/3/2015 1:29, Random-3, 3-3-3,7,96,4,40446,0.023999929,27216,1.534999847,43584,2.115000248,10084,0.139999866,0,0,0.049000025,0, 
2/3/2015 1:29, Random-3, 3-3-3,8,104,5,46224,0.027999878,37296,1.83899951,58416,2.388000488,12453,0.194000006,0,0,0.052000046,0, 
2/3/2015 1:29, Random-6, 6-6-3,10,120,6,930960,1.032000065,449408,3.889999628,577984,4.933000326,65158,0.322999954,0,0,32.76600003,1, 
2/3/2015 1:30, Random-8, 8-8-3,10,80,8,2945280,3.284999847,723456,3.925000429,994304,5.342999697,139272,0.438999891,0,0, ,,
2/3/2015 1:34, Random-6, 6-6-3,9,152,6,837864,0.974999905,414528,5.572000027,475648,6.57400012,94470,0.792999983,0,0,11.97300005,0, 
2/3/2015 1:34, Random-6, 6-6-3,10,160,7,930960,0.819000006,500736,6.301000595,583712,7.450999498,109255,0.842999935,0,0,31.82399988,0, 
2/3/2015 1:35, Random-6, 6-6-3,11,168,8,1024056,0.917999983,594432,7.17800045,699168,8.536999702,129224,0.910000086,0,0,26.27999997,0, 
2/3/2015 1:36, Random-3, 3-3-3,6,128,3,34668,0.037999868,18560,2.465999603,13568,2.530000448,4291,0.378000021,0,0,0.023000002,0, 
2/3/2015 1:36, Random-3, 3-3-3,7,136,4,40446,0.023999929,27392,2.987000465,20640,3.205999613,8516,0.413000107,0,0,0.03399992,0, 
2/3/2015 1:36, Random-3, 3-3-3,8,144,5,46224,0.02699995,37808,3.554000139,29824,3.72699976,12741,0.470999956,0,0,0.049000025,0, 
2/3/2015 1:36, Random-4, 4-4-3,6,48,4,110016,0.082000017,46080,0.407999992,93120,0.781000137,14468,0.070999861,0,0,0.102999926,1, 
2/3/2015 1:37, Random-3, 3-3-3,6,48,3,34668,0.038000107,30480,0.358999729,25632,0.306000233,9603,0.06400013,0,0,0.088999987,1, 
2/3/2015 1:37, Random-3, 3-3-3,5,40,3,28890,0.036000013,21216,0.252000332,21600,0.242999792,7299,0.075000048,0,0,0.044000149,1, 
2/3/2015 1:37, Random-8, 8-8-3,9,112,8,2650752,3.130000114,645120,4.790999413,1038560,7.477000475,113480,0.38499999,0,0,154.5439999,0, 
2/3/2015 1:40, Random-8, 8-8-3,10,120,9,2945280,2.940000057,787968,5.767000198,1245856,8.853999615,143689,0.486000061,0,0, ,,
2/3/2015 1:41, Random-4, 4-4-3,7,56,4,128352,0.119000196,93440,0.756000042,76544,0.625999928,19972,0.092999935,0,0,0.345000029,1, 
2/3/2015 1:41, Random-5, 5-5-3,8,104,5,358800,0.34800005,186528,2.151000261,216208,2.36199975,45797,0.606000185,0,0,0.356999874,1, 
2/3/2015 1:41, Random-5, 5-5-3,8,64,5,358800,0.351000071,170240,1.16899991,224400,1.524000168,32485,0.128999949,0,0,0.36500001,1, 
2/3/2015 1:41, Random-4, 4-4-3,7,56,4,128352,0.125,64512,0.565000534,125952,1.022999525,12292,0.055999994,0,0,0.27699995,1, 
2/3/2015 1:41, Random-3, 3-3-3,6,48,3,34668,0.0400002,30480,0.369000196,36192,0.41299963,6339,0.041000128,0,0,0.061999798,1, 
2/3/2015 1:41, Random-9, 9-9-3,12,136,9,5662872,6.413000107,1781680,10.62900019,2031696,12.23699975,240297,0.881000042,0,0,93.52799988,1, 
2/3/2015 1:43, Random-8, 8-8-3,12,136,8,3534336,4.065000057,1362688,9.475999117,1499296,10.73300099,178504,1.529000044,0,0,8.941999912,1, 
2/3/2015 1:44, Random-6, 6-6-3,8,104,6,744768,0.796000004,297152,2.98500061,357376,3.805999517,59142,0.359999895,0,0,36.19199991,1, 
2/3/2015 1:45, Random-10, 10-10-3,14,192,10,10071600,10.63700008,3445504,21.30199838,3697920,23.57900167,318346,1.0849998,0, ,,,
2/3/2015 1:46, Random-3, 3-3-3,4,32,3,23112,0.032999992,13536,0.154000044,10272,0.118000031,5955,0.036999941,0,0,0.026000023,1, 
2/3/2015 1:46, Random-4, 4-4-3,8,104,4,146688,0.136999846,102656,1.926999092,99008,1.824001074,21380,0.38499999,0,0,9.34800005,0, 
2/3/2015 1:46, Random-4, 4-4-3,9,112,5,165024,0.126999855,129792,2.130999565,127104,1.978000402,29573,0.421000004,0,0,10.25600004,0, 
2/3/2015 1:46, Random-4, 4-4-3,10,120,6,183360,0.143000126,160000,2.484999895,159296,2.54399991,37766,0.559000015,0,0,26.41600013,0, 
2/3/2015 1:47, Random-5, 5-5-3,9,112,5,403650,0.440999985,201024,2.597000122,331648,3.782999992,37029,0.300000191,0,0,2.540999889,1, 
2/3/2015 1:48, Random-3, 3-3-3,6,88,3,34668,0.038000107,28864,0.905999184,21584,0.703000784,4323,0.184999943,0,0,0.02699995,0, 
2/3/2015 1:48, Random-3, 3-3-3,7,96,4,40446,0.024000168,40048,1.17099905,31552,0.947000742,7972,0.241999865,0,0,0.037999868,0, 
2/3/2015 1:49, Random-3, 3-3-3,8,104,5,46224,0.028000116,52816,1.532000542,43984,1.197999477,10917,0.361999989,0,0,0.049999952,0, 
2/3/2015 1:49, Random-5, 5-5-3,8,144,5,358800,0.345000029,170640,4.062999487,276672,5.871000528,28357,0.200999975,0,0,29.51699996,0, 
2/3/2015 1:49, Random-5, 5-5-3,9,152,6,403650,0.407000065,215856,4.737000227,342416,6.860999823,40038,0.249000072,0,0,39.35900021,0, 
2/3/2015 1:50, Random-5, 5-5-3,10,160,7,448500,0.378000021,266112,5.363000631,414880,7.565999269,51719,0.477999926,0,0,35.70099998,0, 
2/3/2015 1:51, Random-10, 10-10-3,12,136,10,8632800,9.833999872,2063040,11.61600041,2480704,13.93799973,459914,1.657999992,0,0, ,,
2/3/2015 1:56, Random-7, 7-7-3,11,88,7,1898358,2.090999842,737296,4.118000031,863072,4.834000111,73255,0.244999886,0,0,2.225999832,1, 
2/3/2015 1:57, Random-3, 3-3-3,6,88,3,34668,0.037999868,24272,0.93599987,25856,0.935000181,4579,0.141000032,0,0,0.02699995,0, 
2/3/2015 1:57, Random-3, 3-3-3,7,96,4,40446,0.023999929,34112,1.174000502,36304,1.202999592,8804,0.209000111,0,0,0.039999962,0, 
2/3/2015 1:57, Random-3, 3-3-3,8,104,5,46224,0.027999878,45536,1.446000099,49152,1.461999893,12453,0.196000099,0,0,0.051000118,0, 
2/3/2015 1:57, Random-6, 6-6-3,10,120,6,930960,1.038999796,449408,4.078001022,600960,5.425999165,67590,0.357000113,0,0,1.516000032,1, 
2/3/2015 1:58, Random-3, 3-3-3,6,88,3,34668,0.039999962,28864,0.909000397,25008,0.822999477,3075,0.10800004,0,0,0.025000095,0, 
2/3/2015 1:58, Random-3, 3-3-3,7,96,4,40446,0.023999929,40048,1.190999508,37344,1.01900053,5444,0.325999975,0,0,0.035000086,0, 
2/3/2015 1:58, Random-3, 3-3-3,8,104,5,46224,0.028000116,52816,1.453999519,51152,1.29300046,9093,0.348999977,0,0,0.048000097,0, 
2/3/2015 1:58, Random-5, 5-5-3,8,104,5,358800,0.348999977,211920,2.828999519,216016,2.998000622,23749,0.27699995,0,0,8.095999956,1, 
2/3/2015 1:58, Random-3, 3-3-3,3,104,3,17334,0.010999918,1216,1.337000132,1440,0.555000067,1027,1.246000052,0,0,0.005999804,0, 
2/3/2015 1:58, Random-3, 3-3-3,4,112,4,23112,0.013999939,3952,1.586000681,5312,1.780999422,2820,0.491000175,0,0,0.013000011,0, 
2/3/2015 1:58, Random-3, 3-3-3,5,120,5,28890,0.01699996,8272,2.055999994,11008,2.218999863,5189,0.57799983,0,0,0.019999981,0, 
2/3/2015 1:58, Random-10, 10-10-3,12,176,10,8632800,9.822000027,2256704,14.83099937,3296896,21.29900074,479242,2.118000031,0, ,,,
2/3/2015 2:00, Random-9, 9-9-3,12,176,9,5662872,6.345999956,2085040,14.95299888,2258704,16.91000104,199881,2.172999859,0,0, ,,
2/3/2015 2:04, Random-7, 7-7-3,10,160,7,1725780,2.003999949,672896,6.458999157,826656,7.91000104,198087,1.63499999,0,0,151.0780001,1, 
2/3/2015 2:07, Random-6, 6-6-3,10,120,6,930960,1.026000023,393984,3.329000711,650112,5.045999289,73990,0.530999899,0,0,5.786000013,1, 
2/3/2015 2:07, Random-4, 4-4-3,6,88,4,110016,0.078999996,67328,1.217999697,52096,1.112000465,11780,0.256999969,0,0,5.552000046,0, 
2/3/2015 2:07, Random-4, 4-4-3,7,96,5,128352,0.104000092,90880,1.510000467,74048,1.351999521,18949,0.246999979,0,0,9.510999918,0, 
2/3/2015 2:08, Random-4, 4-4-3,8,104,6,146688,0.115999937,117504,1.794999599,100032,1.663000345,26246,0.476000071,0,0,13.5619998,0, 
2/3/2015 2:09, Random-4, 4-4-3,8,104,4,146688,0.126999855,117504,1.664999485,108416,1.523000717,16260,0.249000072,0,0,13.61300015,0, 
2/3/2015 2:09, Random-4, 4-4-3,9,112,5,165024,0.128999949,147200,2.071999311,139072,1.863000631,24453,0.217000008,0,0,12.68200016,0, 
2/3/2015 2:10, Random-4, 4-4-3,10,120,6,183360,0.14199996,179968,2.417999744,173824,2.306000471,32646,0.35800004,0,0,17.03400016,0, 
2/3/2015 2:10, Random-6, 6-6-3,10,160,6,930960,1.019999981,445184,5.754001141,625536,7.724998951,100870,1.243999958,0,0,48.43900013,1, 
2/3/2015 2:11, Random-5, 5-5-3,7,96,5,313950,0.316999912,144640,2.236999512,163696,2.564000607,37637,0.347000122,0,0,0.502000093,1, 
2/3/2015 2:11, Random-3, 3-3-3,5,80,3,28890,0.034999847,16016,0.848000288,18720,1.013999701,2403,0.055999994,0,0,0.019999981,0, 
2/3/2015 2:11, Random-3, 3-3-3,6,88,4,34668,0.021000147,24272,1.048000097,29072,1.272999763,6052,0.076999903,0,0,0.029999971,0, 
2/3/2015 2:11, Random-3, 3-3-3,7,96,5,40446,0.023999929,34112,1.418000698,41536,1.720999479,9701,0.102999926,0,0,0.040999889,0, 
2/3/2015 2:12, Random-8, 8-8-3,13,144,8,3828864,4.230000019,1438336,9.768000364,2077440,13.88299966,166920,0.720999956,0,0,55.1099999,1, 
2/3/2015 2:14, Random-7, 7-7-3,13,184,7,2243514,2.561000109,1192048,10.41499949,1548576,13.17200041,144007,0.83100009,0,0,48.32799983,1, 
2/3/2015 2:15, Random-9, 9-9-3,11,168,9,5190966,6.117999792,1661280,12.477,1862704,13.29300022,444201,2.789999962,0,0, ,,
2/3/2015 2:19, Random-3, 3-3-3,4,112,3,23112,0.031999826,3952,1.778999805,5280,2.320000172,2883,0.144000053,0,0,0.013000011,0, 
2/3/2015 2:19, Random-3, 3-3-3,5,120,4,28890,0.017000198,8272,2.046999931,10048,2.621999979,7108,0.177000046,0,0,0.023000002,0, 
2/3/2015 2:19, Random-3, 3-3-3,6,128,5,34668,0.021000147,14176,2.646999836,17856,3.27699995,9477,0.25999999,0,0,0.031000137,0, 
2/3/2015 2:20, Random-7, 7-7-3,11,128,7,1898358,2.128999949,776288,5.467000246,931088,6.484999895,146823,0.769999981,0,0,7.062999964,1, 
2/3/2015 2:20, Random-4, 4-4-3,7,96,4,128352,0.118000031,90880,1.60199976,71232,1.187000275,16772,0.524000168,0,0,6.879999876,0, 
2/3/2015 2:20, Random-4, 4-4-3,8,104,5,146688,0.114999771,117504,1.924000025,96384,1.552999973,23685,0.618000031,0,0,8.950000048,0, 
2/3/2015 2:20, Random-4, 4-4-3,9,112,6,165024,0.127000093,147200,2.269999266,124992,1.902000666,31878,0.583999872,0,0,11.25999999,0, 
2/3/2015 2:21, Random-6, 6-6-3,9,152,6,837864,0.986999989,414528,5.215999842,434176,5.88800025,93702,0.690000057,0,0,2.499000072,1, 
2/3/2015 2:21, Random-3, 3-3-3,5,80,3,28890,0.036999941,11808,0.987000465,20768,1.348999739,4323,0.18900013,0,0,0.020999908,0, 
2/3/2015 2:21, Random-3, 3-3-3,6,88,4,34668,0.021000147,18720,1.069000006,31088,1.259000063,7268,0.34100008,0,0,0.030999899,0, 
2/3/2015 2:21, Random-3, 3-3-3,7,96,5,40446,0.023999929,27216,1.285999298,43168,1.561000586,10917,0.401000023,0,0,0.042000055,0, 
2/3/2015 2:21, Random-8, 8-8-3,11,128,8,3239808,3.444999933,1169664,8.219000101,1253568,9.197000027,141576,0.498000145,0,0,88.22299981,0, 
2/3/2015 2:23, Random-8, 8-8-3,12,136,9,3534336,3.131999969,1362688,9.453000546,1475968,10.63199949,178441,0.618000031,0,0,80.83999991,0, 
2/3/2015 2:25, Random-3, 3-3-3,4,32,3,23112,0.032999992,9504,0.120000362,12624,0.150999546,7011,0.04399991,0,0,0.029000044,1, 
2/3/2015 2:25, Random-7, 7-7-3,9,112,7,1553202,1.7099998,538032,4.633000135,677184,5.951999903,75559,0.33100009,0,0, ,,
2/3/2015 2:29, Random-8, 8-8-3,13,144,8,3828864,4.181999922,1569536,10.60900068,1829184,12.64399934,151560,0.528000116,0,0,56.54700017,1, 
2/3/2015 2:31, Random-5, 5-5-3,9,152,5,403650,0.432999849,247440,4.901000261,318576,6.302999735,26277,0.285000086,0,0,4.248000145,0, 
2/3/2015 2:31, Random-5, 5-5-3,10,160,6,448500,0.371000051,301856,5.764999866,388480,7.374000072,37958,0.521000147,0,0,6.921999931,0, 
2/3/2015 2:32, Random-5, 5-5-3,11,168,7,493350,0.419000149,361312,6.483999491,463456,8.055000305,52935,0.460999966,0,0,9.912000179,0, 
2/3/2015 2:32, Random-4, 4-4-3,8,144,4,146688,0.128000021,112896,4.197999954,74368,4.353999853,20996,0.312999964,0,0,0.677999973,0, 
2/3/2015 2:32, Random-4, 4-4-3,9,152,5,165024,0.128999949,142592,4.848999977,99264,4.985000134,28293,0.472000122,0,0,3.012000084,0, 
2/3/2015 2:33, Random-4, 4-4-3,10,160,6,183360,0.140000105,175360,5.534000158,127808,5.788999796,36486,0.516000032,0,0,1.496999979,0, 
2/3/2015 2:33, Random-7, 7-7-3,11,128,7,1898358,2.125,776288,5.349999189,1064832,7.183000803,91015,0.329999924,0,0,10.32700014,1, 
2/3/2015 2:33, Random-5, 5-5-3,10,160,5,448500,0.463000059,301856,5.351000786,391152,6.896999121,32613,0.342000008,0,0,15.76900005,0, 
2/3/2015 2:34, Random-5, 5-5-3,11,168,6,493350,0.415999889,361312,6.414000511,468016,8.268999577,43814,0.388000011,0,0,13.875,0, 
2/3/2015 2:34, Random-5, 5-5-3,12,176,7,538200,0.467000008,425808,6.924001217,550160,8.965998888,57895,0.478999853,0,0,51.04500008,0, 
2/3/2015 2:36, Random-8, 8-8-3,12,176,8,3534336,4.012000084,1568256,11.69599938,1507840,10.98600054,224264,1.909999847,0,0,41.06399989,1, 
2/3/2015 2:39, Random-7, 7-7-3,12,96,7,2070936,2.187999964,868896,5.190000534,945280,5.32199955,117607,0.39199996,0,0,2.74000001,1, 
2/3/2015 2:39, Random-7, 7-7-3,8,144,7,1380624,1.606999874,512048,4.845000505,435696,4.437999725,193255,1.462999821,0,0,62.1960001,1, 
2/3/2015 2:40, Random-7, 7-7-3,11,128,7,1898358,2.128000021,776288,6.058000326,1121808,8.567999601,83399,0.354000092,0,0,3.375,1, 
2/3/2015 2:41, Random-9, 9-9-3,12,176,9,5662872,6.416000128,1923792,14.07600093,2228064,16.70499897,401161,2.954999924,0,0, ,,
2/3/2015 2:45, Random-6, 6-6-3,8,64,6,744768,0.794999838,252672,1.54399991,289344,1.757000208,64902,0.42599988,0,0,0.963999987,1, 
2/3/2015 2:46, Random-4, 4-4-3,6,88,4,110016,0.079000235,46080,1.293999672,81440,2.053000212,11588,0.139000177,0,0,1.046999931,0, 
2/3/2015 2:46, Random-4, 4-4-3,7,96,5,128352,0.105999947,64512,1.669000149,109984,2.562999964,17861,0.117000103,0,0,1.877000093,0, 
2/3/2015 2:46, Random-4, 4-4-3,8,104,6,146688,0.115999937,86016,1.732999802,142208,2.508000374,24966,0.290999889,0,0,17.00999999,0, 
2/3/2015 2:46, Random-7, 7-7-3,9,152,7,1553202,1.733999968,692784,6.476999521,599296,6.135000467,145895,0.861999989,0,0, ,,
2/3/2015 2:50, Random-10, 10-10-3,14,192,10,10071600,10.56400013,3205760,20.02299953,4115072,25.5030005,454666,1.572000027,0, ,,,
2/3/2015 2:52, Random-9, 9-9-3,10,120,9,4719060,5.19900012,1036800,6.974000454,1564064,10.34999943,228489,0.851000071,0,0, ,,
2/3/2015 2:56, Random-5, 5-5-3,8,104,5,358800,0.34100008,186528,2.150000811,189008,2.236999273,52869,0.49000001,0,0,53.38899994,1, 
2/3/2015 2:57, Random-6, 6-6-3,10,80,6,930960,1.018000126,392256,2.410000324,552768,3.357999563,60294,0.212000132,0,0,1.053999901,1, 
2/3/2015 2:57, Random-9, 9-9-3,12,176,9,5662872,6.398000002,1923792,13.06799912,2348880,15.92700076,220905,2.141000032,0,0, ,,
2/3/2015 3:01, Random-6, 6-6-3,8,144,6,744768,0.79700017,374848,5.14199996,283200,3.66899991,86790,1.789000034,0,0,11.74500012,1, 
2/3/2015 3:01, Random-9, 9-9-3,11,128,9,5190966,6.131000042,1531408,8.805000782,1638000,9.396999121,209001,0.730999947,0,0,52.3119998,1, 
2/3/2015 3:03, Random-7, 7-7-3,10,80,7,1725780,2.016000032,616112,3.484000444,712992,4.050999641,73255,0.243999958,0,0,56.49900007,0, 
2/3/2015 3:04, Random-7, 7-7-3,11,88,8,1898358,1.745000124,737296,4.190999746,864192,4.914000034,96104,0.316999912,0,0,56.83299994,0, 
2/3/2015 3:05, Random-7, 7-7-3,12,96,9,2070936,1.944000006,868896,4.903001547,1026816,5.801998615,123881,0.407999992,0,0,69.68599987,0, 
2/3/2015 3:06, Random-7, 7-7-3,12,136,7,2070936,2.222000122,911040,7.637000084,1248320,9.859999895,112551,0.640000105,0,0,106.96,1, 
2/3/2015 3:09, Random-6, 6-6-3,10,120,6,930960,1.018999815,500608,4.391000032,455104,4.075000048,101126,0.71999979,0,0,0.972000122,1, 
2/3/2015 3:09, Random-7, 7-7-3,10,80,7,1725780,2.003999949,468720,2.711000204,899920,5.066999912,77287,0.257999897,0,0,1.102999926,1, 
2/3/2015 3:10, Random-9, 9-9-3,11,88,9,5190966,6.113999844,1118160,5.824999094,1409040,7.355000973,238185,0.727999926,0,0, ,,
2/3/2015 3:14, Random-5, 5-5-3,9,152,5,403650,0.430000067,215856,4.66299963,330864,6.466000319,42853,0.50999999,0,0,16.67799997,0, 
2/3/2015 3:15, Random-5, 5-5-3,10,160,6,448500,0.375,266112,5.349999666,400848,7.295000315,56294,0.736999989,0,0,24.34500003,0, 
2/3/2015 3:15, Random-5, 5-5-3,11,168,7,493350,0.414000034,321408,6.062000275,477552,8.255999804,69735,0.610000134,0,0,34.33100009,0, 
2/3/2015 3:16, Random-7, 7-7-3,10,80,7,1725780,2.009000063,616112,3.461999178,698768,3.936000586,82887,0.269999981,0,0,1.532000065,1, 
2/3/2015 3:18, Random-6, 6-6-3,9,72,6,837864,0.960999966,318720,1.947999477,469344,2.821000576,43590,0.394000053,0,0,0.532000065,1, 
2/3/2015 3:18, Random-3, 3-3-3,6,88,3,34668,0.039000034,24272,0.950999975,29808,1.075000048,3267,0.087999821,0,0,0.026000023,0, 
2/3/2015 3:18, Random-3, 3-3-3,7,96,4,40446,0.023999929,34112,1.168000221,42048,1.310999632,6212,0.150000095,0,0,0.036000013,0, 
2/3/2015 3:18, Random-3, 3-3-3,8,104,5,46224,0.02699995,45536,1.405999422,56048,1.588000536,9861,0.173000097,0,0,0.047999859,0, 
2/3/2015 3:18, Random-9, 9-9-3,13,144,9,6134778,6.661000013,2049664,12.57099986,2500480,15.42500019,189609,0.631999969,0,0, ,,
2/3/2015 3:22, Random-9, 9-9-3,15,200,9,7078590,7.961999893,3022048,19.54900026,3512256,23.1099999,293545,1.32400012,0, ,,,
2/3/2015 3:23, Random-5, 5-5-3,7,56,5,313950,0.315999985,130800,0.895999432,165680,1.114000559,28965,0.212999821,0,0,0.506999969,1, 
2/3/2015 3:23, Random-3, 3-3-3,5,40,3,28890,0.037999868,15840,0.203000307,28704,0.32799983,5571,0.03399992,0,0,0.031000137,1, 
2/3/2015 3:23, Random-8, 8-8-3,10,160,8,2945280,3.342999935,1058048,8.746000052,1240704,10.36800003,240648,1.303999901,0,0, ,,
2/3/2015 3:28, Random-3, 3-3-3,6,88,3,34668,0.039000034,18720,0.958000898,30016,1.029999256,5539,0.322000027,0,0,0.027999878,0, 
2/3/2015 3:28, Random-3, 3-3-3,7,96,4,40446,0.023999929,27216,1.17999959,41232,1.322000504,9764,0.394000053,0,0,0.040999889,0, 
2/3/2015 3:28, Random-3, 3-3-3,8,104,5,46224,0.028000116,37296,1.516999722,54560,1.768000126,13989,0.381999969,0,0,0.052999973,0, 
2/3/2015 3:29, Random-10, 10-10-3,13,144,10,9352200,10.2420001,2594560,14.24399996,2959808,16.17900014,395018,1.608999968,0, ,,,
2/3/2015 3:30, Random-9, 9-9-3,11,128,9,5190966,6.085999966,1390880,9.159999847,1555856,10.49000001,351913,1.354999781,0,0, ,,
2/3/2015 3:34, Random-7, 7-7-3,11,88,7,1898358,2.109999895,658000,3.730999947,877184,4.940000057,107975,0.361000061,0,0,4.394000053,1, 
2/3/2015 3:35, Random-8, 8-8-3,11,168,8,3239808,3.453999996,1244416,9.434999943,1415040,11.03400016,196104,0.825000048,0,0, ,,
2/3/2015 3:39, Random-9, 9-9-3,14,192,9,6606684,7.693000078,2501952,16.60600019,3225408,21.32200003,248841,0.900000095,0,0, ,,
2/3/2015 3:44, Random-9, 9-9-3,12,136,9,5662872,6.380000114,1781680,10.44399905,1814960,10.68200088,296265,1.096999884,0,0,143.036,1, 
2/3/2015 3:47, Random-7, 7-7-3,10,120,7,1725780,2.042000055,573696,4.241999865,877440,6.18900013,119719,1.000999928,0,0,3.087000132,1, 
2/3/2015 3:49, Random-10, 10-10-3,13,184,10,9352200,10.17600012,2828224,18.10300088,3549696,22.62499905,410122,3.677999973,0, ,,,
2/3/2015 3:50, Random-7, 7-7-3,10,160,7,1725780,1.983999968,752800,7.848000526,814256,9.096999407,148263,0.665999889,0,0,27.88000011,1, 
2/3/2015 3:51, Random-7, 7-7-3,9,72,7,1553202,1.71600008,443072,2.490999699,526960,2.966000319,95207,0.683000088,0,0,38.66000009,1, 
2/3/2015 3:52, Random-8, 8-8-3,10,80,8,2945280,3.299999952,622080,3.382000208,1043584,5.597999811,161544,0.514999866,0,0, ,,
2/3/2015 3:56, Random-4, 4-4-3,7,96,4,128352,0.118999958,90880,1.590000153,82656,1.652999878,12228,0.142999887,0,0,2.555999994,0, 
2/3/2015 3:56, Random-4, 4-4-3,8,104,5,146688,0.108999968,117504,1.901001215,110240,2.025998831,20421,0.257999897,0,0,2.944000006,0, 
2/3/2015 3:56, Random-4, 4-4-3,9,112,6,165024,0.132999897,147200,2.348999977,142464,2.330000162,27526,0.407000065,0,0,12.87899995,0, 
2/3/2015 3:57, Random-4, 4-4-3,7,56,4,128352,0.126999855,79872,0.679999828,120192,0.974000216,8452,0.100999832,0,0,0.11500001,1, 
2/3/2015 3:57, Random-8, 8-8-3,10,120,8,2945280,3.333000183,893056,5.531000376,1019008,6.227999449,180232,0.717999935,0,0, ,,
2/3/2015 4:01, Random-7, 7-7-3,11,168,7,1898358,2.093999863,800384,7.804999113,1214016,11.11700082,140295,0.921000004,0,0,139.2059999,1, 
2/3/2015 4:03, Random-7, 7-7-3,9,72,7,1553202,1.734999895,443072,2.534000158,618688,3.53399992,71687,0.601000071,0,0,29.42799997,0, 
2/3/2015 4:04, Random-7, 7-7-3,10,80,8,1725780,1.563999891,545328,3.324999332,758240,4.267000675,94536,0.309999943,0,0,25.83800006,0, 
2/3/2015 4:05, Random-7, 7-7-3,11,88,9,1898358,1.750999928,658000,3.736001015,911120,5.128998995,118505,0.393000126,0,0,45.53900003,0, 
2/3/2015 4:06, Random-4, 4-4-3,6,48,4,110016,0.078000069,69888,0.599999905,68608,0.562000036,7172,0.032000065,0,0,2.433999777,0, 
2/3/2015 4:06, Random-4, 4-4-3,7,56,5,128352,0.100000143,93440,0.772000074,96896,0.830999851,14085,0.063999891,0,0,20.75300002,0, 
2/3/2015 4:06, Random-4, 4-4-3,8,64,6,146688,0.11500001,120064,1.034999847,129280,1.052000046,20998,0.095999956,0,0, ,,
2/3/2015 4:11, Random-4, 4-4-3,8,64,4,146688,0.128000021,103936,0.863000393,124672,1.02099967,19972,0.093999863,0,0,0.236999989,1, 
2/3/2015 4:11, Random-8, 8-8-3,10,120,8,2945280,3.335000038,990464,6.870000601,983552,7.258999348,180872,0.84100008,0,0,15.52800012,0, 
2/3/2015 4:11, Random-8, 8-8-3,11,128,9,3239808,3.25999999,1169664,7.997000217,1185984,8.602999687,212617,0.941999912,0,0,25.2019999,0, 
2/3/2015 4:12, Random-8, 8-8-3,12,136,10,3534336,3.14199996,1362688,9.261999607,1409280,10.13700008,239498,1.03399992,0,0, ,,
2/3/2015 4:16, Random-9, 9-9-3,12,136,9,5662872,6.40500021,1626752,9.359999657,2179088,12.39900017,237705,0.872999907,0,0, ,,
2/3/2015 4:20, Random-5, 5-5-3,8,64,5,358800,0.339999914,196480,1.317000389,187120,1.259999752,28165,0.108999968,0,0,0.35800004,1, 
2/3/2015 4:20, Random-10, 10-10-3,13,184,10,9352200,10.2249999,2828224,18.20600057,3375616,21.93799949,537354,4.108999968,0, ,,,
2/3/2015 4:22, Random-4, 4-4-3,7,96,4,128352,0.121999979,78592,1.478000402,92736,1.731999636,17796,0.36500001,0,0,3.696000099,0, 
2/3/2015 4:22, Random-4, 4-4-3,8,104,5,146688,0.11500001,102656,1.92299962,122496,2.266000271,24709,0.475999832,0,0,6.638000011,0, 
2/3/2015 4:22, Random-4, 4-4-3,9,112,6,165024,0.129000187,129792,2.19499898,155712,2.66000104,32902,0.441999912,0,0,42.41699982,0, 
2/3/2015 4:23, Random-9, 9-9-3,12,176,9,5662872,6.404999971,1923792,13.01500058,2267760,15.5279994,321769,2.505000114,0,0, ,,
2/3/2015 4:27, Random-9, 9-9-3,13,184,9,6134778,6.618000031,2204016,14.43000054,2421152,16.08899951,424585,1.845000029,0,0,177.148,1, 
2/3/2015 4:31, Random-4, 4-4-3,7,96,4,128352,0.119000196,64512,1.6650002,116128,2.473999739,13380,0.200000048,0,0,1.846999884,0, 
2/3/2015 4:31, Random-4, 4-4-3,8,104,5,146688,0.109999895,86016,1.950000286,149472,2.900999784,20293,0.236000061,0,0,5.971000195,0, 
2/3/2015 4:31, Random-4, 4-4-3,9,112,6,165024,0.129999876,110592,2.363998652,186272,3.305001497,28486,0.276000023,0,0,17.02900004,0, 
2/3/2015 4:32, Random-4, 4-4-3,6,48,4,110016,0.078999996,58880,0.523999691,76672,0.617000341,11524,0.052000046,0,0,0.101999998,1, 
2/3/2015 4:34, Random-4, 4-4-3,8,64,4,146688,0.128000021,103936,0.863999367,131328,1.071000576,17924,0.083999872,0,0,0.217999935,1, 
2/3/2015 4:34, Random-8, 8-8-3,11,168,8,3239808,3.506999969,1244416,10.04900074,1605984,13.15699935,147528,0.552000046,0,0, ,,
2/3/2015 4:38, Random-9, 9-9-3,12,136,9,5662872,6.371999979,1626752,9.817002058,2169440,12.96099782,304233,0.993000031,0,0,27.86599994,1, 
2/3/2015 4:41, Random-11, 11-11-3,10,120,11,10534260,12.14499998,2042528,11.31099987,1826368,9.804000139,845323,3.169999838,0,0, ,,
2/3/2015 4:45, Random-3, 3-3-3,6,48,3,34668,0.044000149,23760,0.309000015,36288,0.444000006,8067,0.05099988,0,0,0.075000048,1, 
2/3/2015 4:45, Random-8, 8-8-3,11,88,8,3239808,3.493999958,872960,4.681999922,1248640,6.670000076,128264,0.401000023,0,0,18.08500004,1, 
2/3/2015 4:45, Random-6, 6-6-3,10,160,6,930960,1.046000004,552064,6.428001404,520832,7.030998468,83590,0.91899991,0,0,16.98200011,1, 
2/3/2015 4:46, Random-7, 7-7-3,10,120,7,1725780,2.041000128,724384,5.239000082,697808,5.160999775,110759,0.424000025,0,0,8.497000217,1, 
2/3/2015 4:47, Random-6, 6-6-3,9,72,6,837864,0.961000204,318720,1.958000183,449856,2.721999645,48006,0.413000107,0,0,91.78399992,0, 
2/3/2015 4:48, Random-6, 6-6-3,10,80,7,930960,0.944000006,392256,2.423999786,548928,3.35800004,67975,0.240999937,0,0, ,,
2/3/2015 4:51, Random-4, 4-4-3,8,64,4,146688,0.128999949,120064,0.981000423,133632,1.073999405,12292,0.055999994,0,0,0.174999952,1, 
2/3/2015 4:51, Random-3, 3-3-3,5,80,3,28890,0.03399992,11808,0.999000311,14608,1.225999594,7587,0.205999851,0,0,0.024999857,0, 
2/3/2015 4:51, Random-3, 3-3-3,6,88,4,34668,0.020999908,18720,0.963999748,22560,1.080000162,11812,0.246999979,0,0,0.036000013,0, 
2/3/2015 4:51, Random-3, 3-3-3,7,96,5,40446,0.024999857,27216,1.283999681,33264,1.399000406,14757,0.385999918,0,0,0.046999931,0, 
2/3/2015 4:51, Random-9, 9-9-3,13,144,9,6134778,6.604000092,1880336,11.42099977,2505632,15.20800018,244329,0.792000055,0,0,34.75999999,1, 
2/3/2015 4:53, Random-8, 8-8-3,10,120,8,2945280,3.322999954,787968,5.972999334,1141376,8.551000595,177672,0.707000017,0,0, ,,
2/3/2015 4:57, Random-7, 7-7-3,12,136,7,2070936,2.192000151,911040,7.115999222,1160048,9.074000835,145127,0.896000147,0,0,3.644999981,1, 
2/3/2015 4:57, Random-3, 3-3-3,6,48,3,34668,0.038000107,23760,0.299000263,50112,0.561999559,4611,0.029000044,0,0,0.047999859,1, 
2/3/2015 4:58, Random-5, 5-5-3,8,144,5,358800,0.345999956,170640,3.818999529,287696,5.59400034,26277,0.289000034,0,0,5.651000023,0, 
2/3/2015 4:58, Random-5, 5-5-3,9,152,6,403650,0.400000095,215856,4.562000036,354992,6.342999935,41254,0.412999868,0,0,17.49199986,0, 
2/3/2015 4:59, Random-5, 5-5-3,10,160,7,448500,0.377000093,266112,5.065999746,429456,7.239000082,55335,0.786999941,0,0,40.58999991,0, 
2/3/2015 5:00, Random-5, 5-5-3,7,56,5,313950,0.317000151,105840,0.745999098,194880,1.307000875,36485,0.246999979,0,0,1.875,1, 
2/3/2015 5:00, Random-7, 7-7-3,10,160,7,1725780,1.996999979,752800,7.210999489,769984,7.716000557,181511,1.763000011,0,0, ,,
2/3/2015 5:04, Random-4, 4-4-3,7,96,4,128352,0.118000031,78592,1.912000656,78464,2.13299942,17156,0.237999916,0,0,6.598999977,0, 
2/3/2015 5:04, Random-4, 4-4-3,8,104,5,146688,0.115999937,102656,2.401999235,103488,2.670000792,25349,0.34499979,0,0,12.63999987,0, 
2/3/2015 5:04, Random-4, 4-4-3,9,112,6,165024,0.130000114,129792,2.836999893,133120,3.195000172,32518,0.31099987,0,0,18.48300004,0, 
2/3/2015 5:05, Random-6, 6-6-3,10,160,6,930960,1.029999971,552064,7.20299983,427264,6.666000366,114566,0.654999971,0,0,186.3859999,1, 
2/3/2015 5:08, Random-10, 10-10-3,13,144,10,9352200,10.26300001,2594560,14.44699907,2680704,15.10700107,417674,1.412999868,0, ,,,
2/3/2015 5:10, Random-6, 6-6-3,8,64,6,744768,0.792999983,252672,1.534999609,308928,1.873000383,71046,0.253000021,0,0,0.772000074,1, 
2/3/2015 5:10, Random-7, 7-7-3,10,120,7,1725780,2.036000013,573696,4.992001772,977232,8.038998127,98215,0.840999842,0,0,74.64400005,0, 
2/3/2015 5:12, Random-7, 7-7-3,11,128,8,1898358,1.786999941,689520,5.746999979,1152224,9.156000137,125992,0.474999905,0,0,56.95800018,0, 
2/3/2015 5:13, Random-7, 7-7-3,12,136,9,2070936,1.998000145,815760,6.649000406,1343008,10.46099949,149961,0.552999973,0,0, ,,
2/3/2015 5:14, Random-10, 10-10-3,12,176,10,8632800,9.809000015,2676672,17.3809998,2604800,17.23900032,433034,2.446000099,0,0,59.7019999,1, 
2/3/2015 5:16, Random-3, 3-3-3,6,48,3,34668,0.036999941,23760,0.299000263,47904,0.535999775,5571,0.03399992,0,0,0.068000078,1, 
2/3/2015 5:16, Random-6, 6-6-3,9,112,6,837864,0.996999979,369536,3.532000065,449664,4.344000101,72198,0.338999987,0,0, ,,
2/3/2015 5:20, Random-8, 8-8-3,11,128,8,3239808,3.427999973,1060992,7.413999796,1252096,8.507000208,225032,1.059999943,0,0,6.700999975,1, 
2/3/2015 5:21, Random-3, 3-3-3,5,40,3,28890,0.036000013,15840,0.201999903,33600,0.378000021,3843,0.023999929,0,0,0.061000109,1, 
2/3/2015 5:21, Random-4, 4-4-3,5,80,4,91680,0.075999975,30720,0.868000031,46272,0.963000059,14596,0.196000099,0,0,4.221999884,0, 
2/3/2015 5:21, Random-4, 4-4-3,6,88,5,110016,0.092000008,46080,1.105999947,67328,1.244999886,21509,0.219000101,0,0,8.354000092,0, 
2/3/2015 5:21, Random-4, 4-4-3,7,96,6,128352,0.109000206,64512,1.487999678,91840,1.734000206,29702,0.262000084,0,0,14.21499991,0, 
2/3/2015 5:21, Random-9, 9-9-3,13,184,9,6134778,6.694999933,2204016,14.47500062,2816048,18.49599934,254313,0.860000134,0,0,125.184,1, 
2/3/2015 5:27, Random-8, 8-8-3,12,136,8,3534336,4.04399991,1242752,8.021001816,1730496,11.09299827,138760,0.490999937,0,0,180.1800001,0, 
2/3/2015 5:32, Random-6, 6-6-3,9,112,6,837864,0.97300005,320256,2.64800024,460544,3.572999716,82950,0.565000057,0,0,20.12300015,1, 
2/3/2015 5:32, Random-8, 8-8-3,12,136,8,3534336,4.072999954,1242752,7.745000124,1726144,10.523,147464,0.618999958,0,0,4.424000025,1, 
2/3/2015 5:33, Random-5, 5-5-3,9,152,5,403650,0.440000057,247440,4.33899951,264352,4.692000389,44293,0.598999977,0,0,15.63700008,0, 
2/3/2015 5:33, Random-5, 5-5-3,10,160,6,448500,0.448999882,301856,5.022999048,325376,5.505001068,57734,0.663000107,0,0,12.00899982,0, 
2/3/2015 5:34, Random-5, 5-5-3,11,168,7,493350,0.411999941,361312,5.720001221,394240,6.19899869,68935,0.894999981,0,0,14.20499992,0, 
2/3/2015 5:34, Random-7, 7-7-3,12,176,7,2070936,2.240999937,1126320,10.07799959,1212352,10.79700041,153703,0.947000027,0,0,5.573999882,1, 
2/3/2015 5:35, Random-7, 7-7-3,11,88,7,1898358,2.083999872,572880,3.292000771,988960,5.588999033,107975,0.357000113,0,0,11.74300003,1, 
2/3/2015 5:36, Random-11, 11-11-3,11,128,11,11587686,12.72500014,2186208,12.23500037,2513040,14.22199941,625035,2.269999981,0, ,,,
2/3/2015 5:37, Random-3, 3-3-3,6,48,3,34668,0.036999941,36240,0.405999899,29184,0.328999996,6243,0.038999796,0,0,0.060000181,1, 
2/3/2015 5:39, Random-4, 4-4-3,8,104,4,146688,0.128000021,86016,1.721000195,165312,2.742999792,11012,0.207999945,0,0,1.627000093,0, 
2/3/2015 5:39, Random-4, 4-4-3,9,112,5,165024,0.123999834,110592,2.155999184,205632,3.194000721,18309,0.371000051,0,0,14.10800004,0, 
2/3/2015 5:39, Random-4, 4-4-3,10,120,6,183360,0.143000126,138240,2.498000622,250240,3.680999517,25222,0.404000044,0,0,26.59000015,0, 
2/3/2015 5:40, Random-10, 10-10-3,13,184,10,9352200,10.25899982,2594240,17.65499997,3688512,24.67599988,471690,4.009000063,0, ,,,
2/3/2015 5:41, Random-8, 8-8-3,15,160,8,4417920,5.027999878,1870976,11.46799922,2602816,15.63700056,201608,0.732000113,0,0,15.87400007,1, 
2/3/2015 5:42, Random-4, 4-4-3,6,88,4,110016,0.078000069,46080,1.226999998,62176,1.578999996,24004,0.21600008,0,0,26.25999999,0, 
2/3/2015 5:43, Random-4, 4-4-3,7,96,5,128352,0.10800004,64512,1.629000425,85664,2.102999449,32197,0.191999912,0,0,10.0769999,0, 
2/3/2015 5:43, Random-4, 4-4-3,8,104,6,146688,0.115999937,86016,1.823000193,113248,2.465999842,40390,0.304000139,0,0,20.59700012,0, 
2/3/2015 5:43, Random-7, 7-7-3,8,104,7,1380624,1.628000021,373296,3.067000628,565680,4.229999542,132263,0.527999878,0,0, ,,
2/3/2015 5:47, Random-9, 9-9-3,14,152,9,6606684,7.697999954,2335360,13.69100118,2964096,17.41899896,173577,0.613000154,0,0,56.8440001,1, 
2/3/2015 5:49, Random-4, 4-4-3,6,48,4,110016,0.077000141,69888,0.562999487,63424,0.542000294,9348,0.041999817,0,0,0.092000008,1, 
2/3/2015 5:49, Random-3, 3-3-3,5,80,3,28890,0.035000086,11808,0.88499999,20816,1.26699996,4227,0.091999769,0,0,0.020999908,0, 
2/3/2015 5:49, Random-3, 3-3-3,6,88,4,34668,0.021000147,18720,0.863000393,30496,1.119999647,8452,0.121000051,0,0,0.032000065,0, 
2/3/2015 5:49, Random-3, 3-3-3,7,96,5,40446,0.023000002,27216,1.092999935,42928,1.33100009,11397,0.231999874,0,0,0.045000076,0, 
2/3/2015 5:49, Random-9, 9-9-3,13,144,9,6134778,6.649000168,2049664,11.64399862,2383184,13.48300123,238281,0.779000044,0,0, ,,
2/3/2015 5:53, Random-7, 7-7-3,11,168,7,1898358,2.103000164,888800,8.980999947,1079632,11.08100009,164327,0.877000093,0,0,30.96399999,1, 
2/3/2015 5:54, Random-9, 9-9-3,13,144,9,6134778,6.689999819,2049664,12.78099942,2571472,16.14100075,169161,0.667999983,0,0, ,,
2/3/2015 5:58, Random-4, 4-4-3,6,48,4,110016,0.086999893,46080,0.401000023,70656,0.621000051,20484,0.144000053,0,0,22.796,0, 
2/3/2015 5:59, Random-4, 4-4-3,7,56,5,128352,0.104000092,64512,0.574000359,95232,0.843999624,28677,0.137000084,0,0,36.46399999,0, 
2/3/2015 5:59, Random-4, 4-4-3,8,64,6,146688,0.115999937,86016,0.76099968,123904,1.091000319,36870,0.246000051,0,0,44.11999989,0, 
2/3/2015 6:00, Random-4, 4-4-3,5,80,4,91680,0.076999903,30720,1.129999638,57312,1.618000269,9028,0.190000057,0,0,0.868999958,0, 
2/3/2015 6:00, Random-4, 4-4-3,6,88,5,110016,0.088999987,46080,1.434000015,83392,1.905999899,16133,0.413000107,0,0,6.279999971,0, 
2/3/2015 6:00, Random-4, 4-4-3,7,96,6,128352,0.107000113,64512,1.668000221,113984,2.28099966,22406,0.451999903,0,0,8.513000011,0, 
2/3/2015 6:01, Random-9, 9-9-3,12,96,9,5662872,6.434000015,1327392,6.940001011,1940544,10.10999918,215433,0.664000034,0,0,35.08500004,1, 
2/3/2015 6:02, Random-9, 9-9-3,11,128,9,5190966,6.094000101,1390880,8.032999992,1779296,10.02099991,326185,1.559999943,0,0,38.7579999,1, 
2/3/2015 6:03, Random-8, 8-8-3,12,136,8,3534336,4.079999924,1242752,8.380999804,1533504,9.985000134,273160,2.155999899,0,0,16.79500008,1, 
2/3/2015 6:04, Random-6, 6-6-3,11,128,6,1024056,1.121000052,536768,5.125,718080,6.568000078,63750,0.309000015,0,0,1.473999977,1, 
2/3/2015 6:04, Random-5, 5-5-3,7,56,5,313950,0.319000006,130800,0.90199995,170960,1.160000086,24805,0.197999954,0,0,1.684000015,1, 
2/3/2015 6:04, Random-10, 10-10-3,12,136,10,8632800,9.859999895,2257472,13.64499927,2594368,15.75900078,350218,1.187999964,0,0, ,,
2/3/2015 6:08, Random-4, 4-4-3,7,56,4,128352,0.138999939,79872,0.676000118,92288,0.760999918,20228,0.096000195,0,0,1.279999971,1, 
2/3/2015 6:08, Random-3, 3-3-3,5,120,3,28890,0.034999847,8272,2.253999472,13120,2.079000473,2947,1.187999964,0,0,0.022000074,0, 
2/3/2015 6:09, Random-3, 3-3-3,6,128,4,34668,0.020999908,14176,2.233000278,20864,1.836999893,6596,1.214999914,0,0,0.059000015,0, 
2/3/2015 6:09, Random-3, 3-3-3,7,136,5,40446,0.023000002,21664,2.625,30432,2.333999872,10821,1.226999998,0,0,0.049999952,0, 
2/3/2015 6:09, Random-6, 6-6-3,10,120,6,930960,1.04700017,449408,3.657000303,589312,4.549999714,74502,0.45299983,0,0,1.651000023,1, 
2/3/2015 6:09, Random-8, 8-8-3,11,128,8,3239808,3.478999853,1060992,6.844999552,1280896,8.323000669,167432,0.576000214,0,0,17.72500014,1, 
2/3/2015 6:10, Random-5, 5-5-3,10,120,5,448500,0.462999821,285424,3.167999506,401104,4.132000685,28069,0.164999962,0,0,6.121999979,1, 
2/3/2015 6:10, Random-3, 3-3-3,6,48,3,34668,0.045000076,30480,0.360999584,39744,0.443000317,5571,0.034000158,0,0,0.049000025,1, 
2/3/2015 6:10, Random-10, 10-10-3,12,176,10,8632800,9.861000061,2256704,15.04799938,3450752,22.54800057,301578,1.09800005,0, ,,,
2/3/2015 6:11, Random-10, 10-10-3,14,152,10,10071600,10.59699988,2723456,16.22100043,3709440,22.05399966,381962,1.344000101,0, ,,,
2/3/2015 6:13, Random-4, 4-4-3,8,104,4,146688,0.126999855,86016,2.045000076,155616,3.174000025,14788,0.157999992,0,0,2.226999998,0, 
2/3/2015 6:14, Random-4, 4-4-3,9,112,5,165024,0.127000093,110592,2.494999647,193440,3.840000391,22981,0.198999882,0,0,3.345000029,0, 
2/3/2015 6:14, Random-4, 4-4-3,10,120,6,183360,0.143000126,138240,2.902000427,235360,4.296999455,31174,0.338999987,0,0,5.34800005,0, 
2/3/2015 6:14, Random-10, 10-10-3,14,152,10,10071600,10.66199994,2481024,14.14100146,4041824,22.61299825,373578,1.157000065,0, ,,,
2/3/2015 6:15, Random-4, 4-4-3,8,104,4,146688,0.129999876,102656,1.893000364,137344,2.365999699,12676,0.162999868,0,0,4.101999998,0, 
2/3/2015 6:15, Random-4, 4-4-3,9,112,5,165024,0.128999949,129792,2.273999453,173120,2.727000475,19845,0.195999861,0,0,6.378999949,0, 
2/3/2015 6:15, Random-4, 4-4-3,10,120,6,183360,0.143000126,160000,2.631000042,213120,3.166999817,26758,0.333999872,0,0,9.897000074,0, 
2/3/2015 6:16, Random-3, 3-3-3,5,40,3,28890,0.042000055,21216,0.252999783,21840,0.245000124,6819,0.072000027,0,0,0.045000076,1, 
2/3/2015 6:16, Random-7, 7-7-3,10,120,7,1725780,2.062999964,573696,4.893999338,926528,7.607000828,116103,0.937000036,0,0,11.57099986,1, 
2/3/2015 6:17, Random-6, 6-6-3,11,168,6,1024056,1.063999891,594432,6.490001202,700096,7.455998898,75654,0.467999935,0,0, ,,
2/3/2015 6:21, Random-7, 7-7-3,11,168,7,1898358,2.088999987,888800,8.521000624,1081312,10.61699939,133991,0.587000132,0,0,4.977999926,1, 
2/3/2015 6:22, Random-8, 8-8-3,12,176,8,3534336,4.067000151,1444608,11.45800066,1903488,15.12599897,179208,0.953000069,0,0, ,,
2/3/2015 6:26, Random-5, 5-5-3,8,104,5,358800,0.339999914,158256,1.722999811,240032,2.336000204,34789,0.316999912,0,0,1.579999924,1, 
2/3/2015 6:26, Random-8, 8-8-3,12,96,8,3534336,4.092000008,1036288,5.60400033,1595136,8.535999537,128520,0.405999899,0,0,5.150000095,1, 
2/3/2015 6:26, Random-9, 9-9-3,12,176,9,5662872,6.448999882,1923792,13.51000023,2491200,17.3829999,235785,2.294000149,0,0, ,,
2/3/2015 6:30, Random-9, 9-9-3,12,136,9,5662872,6.389999866,1626752,10.39199853,2187440,13.90400147,221001,0.829999924,0,0, ,,
2/3/2015 6:34, Random-6, 6-6-3,11,128,6,1024056,1.071000099,536768,5.475000381,716736,7.115999699,66438,0.319999933,0,0,2.451999903,1, 
2/3/2015 6:35, Random-9, 9-9-3,14,152,9,6606684,7.743000031,2151632,12.58099961,2882464,16.71900034,246921,0.90199995,0,0,38.16300011,1, 
2/3/2015 6:37, Random-10, 10-10-3,12,136,10,8632800,9.802000046,2257472,12.6629982,2325312,13.10900164,442378,1.536000013,0,0, ,,
2/3/2015 6:41, Random-4, 4-4-3,7,56,4,128352,0.136000156,79872,0.667000055,93312,0.767999887,18180,0.085000038,0,0,0.246999979,1, 
2/3/2015 6:41, Random-5, 5-5-3,9,152,5,403650,0.434000015,215856,3.874999762,280512,4.822000265,48133,0.437999964,0,0,23.62400007,0, 
2/3/2015 6:42, Random-5, 5-5-3,10,160,6,448500,0.460999966,266112,4.487000465,343376,5.5989995,59814,0.48300004,0,0,23.671,0, 
2/3/2015 6:42, Random-5, 5-5-3,11,168,7,493350,0.417000055,321408,5.192999125,412080,6.31200099,73255,0.739000082,0,0,47.50200009,0, 
2/3/2015 6:43, Random-10, 10-10-3,13,104,10,9352200,10.30599999,1937280,9.900000095,2957440,15.0539999,295690,0.900000095,0,0, ,,
2/3/2015 6:48, Random-7, 7-7-3,11,128,7,1898358,2.094000101,857232,5.725000143,975104,6.409999847,112551,0.637000084,0,0,4.317000151,1, 
2/3/2015 6:48, Random-9, 9-9-3,12,136,9,5662872,6.427000046,1626752,9.893998384,2052688,12.32700157,244905,0.802999973,0,0, ,,
2/3/2015 6:52, Random-3, 3-3-3,4,32,3,23112,0.031000137,13536,0.154999971,8064,0.095000029,7491,0.049000025,0,0,0.717999935,0, 
2/3/2015 6:52, Random-3, 3-3-3,5,40,4,28890,0.018000126,21216,0.250999928,14448,0.176000118,11236,0.075999975,0,0,9.81099987,0, 
2/3/2015 6:52, Random-3, 3-3-3,6,48,5,34668,0.022000074,30480,0.371999502,22944,0.28600049,14981,0.100000143,0,0,0.075999975,1, 
2/3/2015 6:52, Random-5, 5-5-3,9,72,5,403650,0.441999912,214720,1.488999367,314240,2.146000624,25605,0.098999977,0,0,0.374000072,1, 
2/3/2015 6:52, Random-3, 3-3-3,6,48,3,34668,0.039000034,36240,0.414999962,29136,0.332000017,6339,0.041000128,0,0,0.052000046,1, 
2/3/2015 6:53, Random-5, 5-5-3,9,152,5,403650,0.430000067,247440,5.339000225,265040,6.292999744,42917,0.302999973,0,0,21.87800002,0, 
2/3/2015 6:54, Random-5, 5-5-3,10,160,6,448500,0.455999851,301856,6.121999502,326064,7.288000584,56358,0.353999853,0,0,111.668,0, 
2/3/2015 6:56, Random-5, 5-5-3,11,168,7,493350,0.406999826,361312,6.909999609,394688,8.138000488,68039,0.605000019,0,0,38.93499994,0, 
2/3/2015 6:57, Random-9, 9-9-3,13,184,9,6134778,6.703999996,2379664,16.78100038,2476256,17.31299973,331497,2.249000072,0,0,134.5380001,1, 
2/3/2015 7:00, Random-6, 6-6-3,8,104,6,744768,0.837999821,254016,2.715999842,395648,3.71200037,87814,0.517999887,0,0,0.612999916,1, 
2/3/2015 7:00, Random-5, 5-5-3,8,144,5,358800,0.360000134,198064,4.637999535,216032,5.487000465,37573,0.704999924,0,0,6.46999979,0, 
2/3/2015 7:00, Random-5, 5-5-3,9,152,6,403650,0.400999784,247440,5.338000298,273056,6.409999847,48774,0.614000082,0,0,5.784999847,0, 
2/3/2015 7:01, Random-5, 5-5-3,10,160,7,448500,0.465000153,301856,6.089000225,336560,7.376999617,60455,0.657999992,0,0,13.89199996,0, 
2/3/2015 7:01, Random-4, 4-4-3,8,104,4,146688,0.129000187,102656,2.319000483,99008,2.45699954,21380,0.381999969,0,0,5.792999983,0, 
2/3/2015 7:01, Random-4, 4-4-3,9,112,5,165024,0.127000093,129792,2.77799964,127104,3.0400002,29573,0.430000067,0,0,6.885999918,0, 
2/3/2015 7:02, Random-4, 4-4-3,10,120,6,183360,0.144000053,160000,3.234000683,159296,3.618999243,37766,0.559000015,0,0,14.55599999,0, 
2/3/2015 7:02, Random-7, 7-7-3,12,136,7,2070936,2.286999941,911040,6.68100214,1273344,9.527997732,113671,0.642000198,0,0,6.895999908,1, 
2/3/2015 7:03, Random-6, 6-6-3,11,168,6,1024056,1.070000172,651904,6.835999727,628288,6.920000076,79110,0.480999947,0,0,53.82099986,1, 
2/3/2015 7:04, Random-10, 10-10-3,12,176,10,8632800,9.892999887,2472768,16.87200022,2975456,19.65999985,467786,2.926000118,0, ,,,
2/3/2015 7:08, Random-8, 8-8-3,10,160,8,2945280,3.290999889,1058048,9.547001123,1088672,10.57499886,247496,1.904999971,0,0,44.14400005,1, 
2/3/2015 7:09, Random-5, 5-5-3,9,72,5,403650,0.434000015,214720,1.512000799,313200,2.172999144,27685,0.108999968,0,0,0.463999987,1, 
2/3/2015 7:09, Random-10, 10-10-3,13,184,10,9352200,10.30800009,3050048,19.55699968,3534144,23.16600013,332042,1.138000011,0, ,,,
2/3/2015 7:10, Random-7, 7-7-3,11,128,7,1898358,2.088999987,776288,5.576999903,1042272,7.39800024,108263,0.437000036,0,0,7.171999931,1, 
2/3/2015 7:11, Random-6, 6-6-3,11,128,6,1024056,1.075999975,536768,5.484998703,789856,7.630001307,48966,0.262000084,0,0,2.271999836,1, 
2/3/2015 7:11, Random-8, 8-8-3,10,80,8,2945280,3.3349998,723456,3.911999464,1069568,5.760000706,111624,0.357000113,0,0, ,,
2/3/2015 7:15, Random-6, 6-6-3,11,128,6,1024056,1.06400013,594112,4.748000622,668800,5.179999352,57222,0.282999992,0,0,1.881000042,1, 
2/3/2015 7:15, Random-9, 9-9-3,13,184,9,6134778,6.661000013,2204016,16.11600089,2495264,18.63899899,405257,1.778000116,0,0, ,,
2/3/2015 7:19, Random-9, 9-9-3,12,176,9,5662872,6.398000002,2085040,14.30099964,2061120,15.0570004,342313,2.97300005,0,0,185.227,0, 
2/3/2015 7:23, Random-5, 5-5-3,9,72,5,403650,0.431999922,214720,1.483999252,308560,2.092000723,27365,0.105999947,0,0,0.377000093,1, 
2/3/2015 7:23, Random-10, 10-10-3,14,152,10,10071600,10.64699984,2953728,16.19800067,3630016,19.84199929,312074,1.093999863,0, ,,,
2/3/2015 7:24, Random-9, 9-9-3,14,152,9,6606684,7.69299984,2335360,13.56300139,2893104,16.81499887,173289,0.613000154,0,0,19.49600005,1, 
2/3/2015 7:25, Random-8, 8-8-3,14,192,8,4123392,4.371000052,1886464,14.74799967,2508992,18.70100045,162440,0.582999945,0,0,7.291999817,1, 
2/3/2015 7:26, Random-3, 3-3-3,5,40,3,28890,0.035000086,15840,0.203000069,30576,0.352999926,5283,0.032999992,0,0,0.041000128,1, 
2/3/2015 7:26, Random-5, 5-5-3,7,56,5,313950,0.346999884,152880,1.030000448,133040,0.90299964,26885,0.104000092,0,0,19.6730001,0, 
2/3/2015 7:27, Random-5, 5-5-3,8,64,6,358800,0.358999968,196480,1.34499979,176240,1.220000029,40326,0.277999878,0,0,22.84299994,0, 
2/3/2015 7:27, Random-5, 5-5-3,9,72,7,403650,0.394999981,245120,1.690000534,226160,1.570999622,53767,0.213000059,0,0,44.125,0, 
2/3/2015 7:28, Random-5, 5-5-3,8,104,5,358800,0.356000185,158256,1.751999378,280016,2.698000431,26533,0.140000105,0,0,0.84800005,1, 
2/3/2015 7:28, Random-8, 8-8-3,13,184,8,3828864,4.241000175,1516032,12.24100137,2251648,17.75899863,218120,0.840999842,0,0,7.081999779,1, 
2/3/2015 7:29, Random-7, 7-7-3,11,168,7,1898358,2.0849998,800384,8.16600132,1201248,10.81199861,113671,1.644999981,0,0,2.370000124,1, 
2/3/2015 7:30, Random-10, 10-10-3,11,168,10,7913400,8.433000088,2139392,13.5279994,2132544,13.92100072,607370,4.196000099,0,0, ,,
2/3/2015 7:34, Random-6, 6-6-3,9,112,6,837864,0.972000122,369536,3.287999153,396672,3.594000816,97798,0.832999945,0,0,1.640000105,1, 
2/3/2015 7:34, Random-9, 9-9-3,13,144,9,6134778,6.690999985,1880336,12.00600052,2522416,15.92599964,319273,1.452000141,0,0, ,,
2/3/2015 7:38, Random-5, 5-5-3,10,160,5,448500,0.472000122,334720,5.700999737,305184,5.930000305,42917,0.355000019,0,0,18.57499981,0, 
2/3/2015 7:39, Random-5, 5-5-3,11,168,6,493350,0.407999992,398336,6.690001011,369600,6.759999037,57894,0.615999937,0,0,20.59200001,0, 
2/3/2015 7:39, Random-5, 5-5-3,12,176,7,538200,0.46999979,466992,7.242000341,442384,7.42299962,69575,0.660000086,0,0,6.708999872,0, 
2/3/2015 7:40, Random-9, 9-9-3,15,200,9,7078590,8.026000023,3022048,21.6269989,3481664,25.79700112,297577,1.171999931,0,0, ,,
2/3/2015 7:44, Random-7, 7-7-3,10,160,7,1725780,2.014999866,752800,7.511998892,818080,8.591001272,140615,0.811000109,0,0,46.19499993,1, 
2/3/2015 7:45, Random-7, 7-7-3,11,128,7,1898358,2.150000095,776288,6.142999411,1057120,8.339000702,83623,0.355999947,0,0,8.849999905,1, 
2/3/2015 7:45, Random-9, 9-9-3,14,152,9,6606684,7.737999916,2151632,12.72399974,2893216,16.91400003,225417,0.726999998,0,0, ,,
2/3/2015 7:49, Random-6, 6-6-3,8,64,6,744768,0.807999849,209664,1.308999777,391488,2.370000362,48006,0.16899991,0,0,0.818000078,1, 
2/3/2015 7:49, Random-9, 9-9-3,13,184,9,6134778,6.730000019,2018576,15.34600115,2815136,20.87999892,400457,2.101000071,0,0,58.62800002,1, 
2/3/2015 7:51, Random-4, 4-4-3,7,56,4,128352,0.118999958,79872,0.67599988,113280,0.925000191,12036,0.055999994,0,0,0.220999956,1, 
2/3/2015 7:52, Random-3, 3-3-3,6,88,3,34668,0.038000107,18720,0.962999821,38816,1.186000109,3331,0.310000181,0,0,0.02699995,0, 
2/3/2015 7:52, Random-3, 3-3-3,7,96,4,40446,0.023999929,27216,1.290999889,53344,1.70600009,6692,0.330000162,0,0,0.038000107,0, 
2/3/2015 7:52, Random-3, 3-3-3,8,104,5,46224,0.02699995,37296,1.516999006,69552,1.978001118,10917,0.361000061,0,0,0.054000139,0, 
2/3/2015 7:52, Random-5, 5-5-3,8,64,5,358800,0.381000042,170240,1.177000284,235200,1.595999718,25285,0.096999884,0,0,0.332000017,1, 
2/3/2015 7:52, Random-5, 5-5-3,10,120,5,448500,0.481999874,285424,3.142000914,376400,4.052999258,34789,0.194999933,0,0,5.976999998,1, 
2/3/2015 7:52, Random-4, 4-4-3,7,56,4,128352,0.128000021,79872,0.66899991,83456,0.698000193,20484,0.095999956,0,0,0.295000076,1, 
2/3/2015 7:52, Random-7, 7-7-3,10,160,7,1725780,2.116999865,672896,7.124000072,951328,9.911999941,124039,0.582999945,0,0,7.809000015,1, 
2/3/2015 7:53, Random-10, 10-10-3,13,104,10,9352200,10.25300002,2140160,10.93600059,2813760,14.39299941,186890,0.565999985,0,0,89.50100017,0, 
2/3/2015 7:55, Random-10, 10-10-3,14,112,11,10071600,9.532000065,2463040,12.65899873,3251840,16.80700111,234891,0.711999893,0, ,,,
2/3/2015 7:56, Random-8, 8-8-3,12,176,8,3534336,4.021999836,1444608,10.3420012,1740448,12.35499883,259656,1.029999971,0,0,47.97799993,1, 
2/3/2015 8:00, Random-5, 5-5-3,8,104,5,358800,0.342000008,186528,2.708999395,187728,3.027000427,41189,0.314999819,0,0,1.029000044,1, 
2/3/2015 8:01, Random-3, 3-3-3,5,80,3,28890,0.03399992,16016,1.069999695,12368,1.058000326,6051,0.101999998,0,0,0.023000002,0, 
2/3/2015 8:01, Random-3, 3-3-3,6,88,4,34668,0.019999981,24272,1.059000254,19552,0.981999636,10276,0.135999918,0,0,0.032999992,0, 
2/3/2015 8:01, Random-3, 3-3-3,7,96,5,40446,0.025000095,34112,1.297999859,29488,1.264000177,13221,0.200000048,0,0,0.044999838,0, 
2/3/2015 8:01, Random-9, 9-9-3,12,136,9,5662872,6.5,1462032,9.488999367,2320496,14.58600068,253705,1.05099988,0,0, ,,
2/3/2015 8:05, Random-3, 3-3-3,4,32,3,23112,0.032000065,13536,0.154999971,7776,0.092999935,8067,0.05099988,0,0,0.250999928,1, 
2/3/2015 8:05, Random-5, 5-5-3,8,104,5,358800,0.345999956,186528,2.381000042,230784,3.024999857,31589,0.306999922,0,0,0.502000093,1, 
2/3/2015 8:05, Random-6, 6-6-3,10,80,6,930960,1.013000011,443328,2.677999496,494400,2.993000507,55302,0.197999954,0,0,0.931999922,1, 
2/3/2015 8:05, Random-8, 8-8-3,11,128,8,3239808,3.510999918,944640,6.904000044,1422944,9.98300004,198856,0.921000004,0,0, ,,
2/3/2015 8:09, Random-10, 10-10-3,14,192,10,10071600,10.57800007,3205760,19.81600046,4118656,25.20699954,447498,1.759000063,0, ,,,
2/3/2015 8:12, Random-3, 3-3-3,6,48,3,34668,0.038000107,30480,0.36300087,36192,0.413999081,6339,0.040999889,0,0,0.055999994,1, 
2/3/2015 8:12, Random-9, 9-9-3,13,144,9,6134778,6.73300004,1880336,10.87399983,2685440,15.30400014,189993,0.617000103,0,0,192.4619999,0, 
2/3/2015 8:18, Random-10, 10-10-3,13,184,10,9352200,10.22000003,2828224,18.14400005,3542848,23.09200001,352138,3.404999971,0, ,,,
2/3/2015 8:19, Random-3, 3-3-3,4,32,3,23112,0.03399992,9504,0.120000124,15456,0.174000025,7107,0.046000004,0,0,0.027000189,1, 
2/3/2015 8:19, Random-4, 4-4-3,7,56,4,128352,0.139999866,64512,0.570999861,116352,0.965000153,17156,0.085999966,0,0,0.294999838,1, 
2/3/2015 8:19, Random-4, 4-4-3,7,136,4,128352,0.121000051,75264,3.679000616,53504,3.030999422,19972,1.25999999,0,0,0.352999926,0, 
2/3/2015 8:19, Random-4, 4-4-3,8,144,5,146688,0.113999844,99328,4.078999519,74368,3.450000286,28165,1.300000191,0,0,0.373000145,0, 
2/3/2015 8:19, Random-4, 4-4-3,9,152,6,165024,0.128000021,126464,4.736000538,98176,4.812999487,38662,0.650000095,0,0,2.391000032,0, 
2/3/2015 8:19, Random-7, 7-7-3,10,80,7,1725780,2.10800004,616112,3.478000641,668192,3.788999319,106407,0.349999905,0,0,23.2019999,1, 
2/3/2015 8:20, Random-9, 9-9-3,12,96,9,5662872,6.450999975,1476000,7.676999807,1778976,9.265000343,186921,0.575000048,0,0,8.333999872,1, 
2/3/2015 8:20, Random-4, 4-4-3,5,80,4,91680,0.06799984,30720,1.026000261,49440,1.116999865,12996,0.434000015,0,0,1.201999903,0, 
2/3/2015 8:21, Random-4, 4-4-3,6,88,5,110016,0.092999935,46080,1.098000288,70880,1.43999958,21189,0.474999905,0,0,1.960999966,0, 
2/3/2015 8:21, Random-4, 4-4-3,7,96,6,128352,0.102999926,64512,1.384999514,96960,1.750000477,28294,0.697999954,0,0,4.92599988,0, 
2/3/2015 8:21, Random-3, 3-3-3,5,40,3,28890,0.034000158,21216,0.246999741,23520,0.262000084,6339,0.039999962,0,0,0.039000034,1, 
2/3/2015 8:22, Random-5, 5-5-3,8,64,5,358800,0.342000008,170240,1.171999931,236720,1.596000195,22245,0.086000204,0,0,1.718000174,1, 
2/3/2015 8:22, Random-4, 4-4-3,7,96,4,128352,0.118999958,64512,1.696000099,123008,2.637000084,10116,0.19900012,0,0,1.023999929,0, 
2/3/2015 8:23, Random-4, 4-4-3,8,104,5,146688,0.115999937,86016,2.114999294,158400,3.179000854,17029,0.230000019,0,0,3.490999937,0, 
2/3/2015 8:23, Random-4, 4-4-3,9,112,6,165024,0.131000042,110592,2.529001236,198208,3.808998585,23302,0.265000105,0,0,4.728000164,0, 
2/3/2015 8:23, Random-9, 9-9-3,11,128,9,5190966,6.187999964,1390880,9.022000074,1727840,11.33999991,253545,0.920000076,0,0, ,,
2/3/2015 8:27, Random-10, 10-10-3,12,176,10,8632800,9.819999933,2472768,16.31799984,2934912,19.40500021,477194,1.764999866,0, ,,,
2/3/2015 8:28, Random-3, 3-3-3,6,88,3,34668,0.037999868,18720,0.855999708,32432,1.085000277,4579,0.322999954,0,0,0.028000116,0, 
2/3/2015 8:28, Random-3, 3-3-3,7,96,4,40446,0.024000168,27216,1.099999905,44512,1.355000019,8228,0.395999908,0,0,0.039000034,0, 
2/3/2015 8:28, Random-3, 3-3-3,8,104,5,46224,0.028000116,37296,1.310000658,58416,1.66699934,12453,0.372999907,0,0,0.05099988,0, 
2/3/2015 8:28, Random-3, 3-3-3,5,80,3,28890,0.036999941,19264,0.830000401,11520,0.504999638,3523,0.30700016,0,0,0.019000053,0, 
2/3/2015 8:28, Random-3, 3-3-3,6,88,4,34668,0.019999981,28864,0.909999609,18800,0.610000372,7172,0.330000162,0,0,0.028000116,0, 
2/3/2015 8:28, Random-3, 3-3-3,7,96,5,40446,0.023000002,40048,1.137000084,28144,0.861999989,10917,0.390999794,0,0,0.039999962,0, 
2/3/2015 8:28, Random-5, 5-5-3,6,48,5,269100,0.238000154,114320,0.819999695,90880,0.62100029,24805,0.095999956,0,0,8.307999849,0, 
2/3/2015 8:28, Random-5, 5-5-3,7,56,6,313950,0.25999999,152880,1.041000366,128240,0.941999674,36486,0.143000126,0,0,14.45299983,0, 
2/3/2015 8:29, Random-5, 5-5-3,8,64,7,358800,0.355999947,196480,1.361999273,172560,1.202000618,47687,0.306999922,0,0,31.54200006,0, 
2/3/2015 8:29, Random-8, 8-8-3,13,184,8,3828864,4.258999825,1658624,13.03499961,2206272,16.87500048,217480,1.166000128,0,0,113.549,1, 
2/3/2015 8:32, Random-4, 4-4-3,8,104,4,146688,0.130999804,102656,2.106000662,125824,2.63999939,18052,0.217000008,0,0,2.944000006,0, 
2/3/2015 8:32, Random-4, 4-4-3,9,112,5,165024,0.133000135,129792,2.623999834,159040,3.151000023,26245,0.19299984,0,0,10.74099994,0, 
2/3/2015 8:32, Random-4, 4-4-3,10,120,6,183360,0.142000198,160000,3.092999458,197312,3.742000341,32518,0.315000057,0,0,10.28600001,0, 
2/3/2015 8:33, Random-11, 11-11-3,12,136,11,12641112,13.37000012,2790064,15.99599957,3011680,17.78800035,416555,1.279000044,0, ,,,
2/3/2015 8:34, Random-4, 4-4-3,8,64,4,146688,0.128999949,86016,0.747999907,170816,1.388999939,14724,0.068000078,0,0,0.203999996,1, 
2/3/2015 8:34, Random-4, 4-4-3,8,144,4,146688,0.131999969,83968,3.299999714,101888,3.103000164,19972,1.269000053,0,0,0.125999928,0, 
2/3/2015 8:34, Random-4, 4-4-3,9,152,5,165024,0.121999979,108544,3.74499917,130432,3.549000978,28165,1.305999994,0,0,0.164999962,0, 
2/3/2015 8:34, Random-4, 4-4-3,10,160,6,183360,0.138000011,136192,3.836999655,163072,3.536000252,36358,1.362999916,0,0,0.204999924,0, 
2/3/2015 8:34, Random-10, 10-10-3,14,192,10,10071600,10.70799994,3445504,22.15599942,3939776,26.3780005,360458,1.284000158,0, ,,,
2/3/2015 8:35, Random-8, 8-8-3,12,176,8,3534336,4.036000013,1568256,12.02400064,1633504,13.13499928,183624,0.720999956,0,0, ,,
2/3/2015 8:40, Random-7, 7-7-3,10,160,7,1725780,1.996999979,752800,6.71999979,862800,7.806000233,133287,0.832999945,0,0,14.99000001,1, 
2/3/2015 8:40, Random-5, 5-5-3,9,112,5,403650,0.440999985,263008,3.483000278,266176,3.803999662,34789,0.18900013,0,0,0.654999971,1, 
2/3/2015 8:40, Random-3, 3-3-3,6,88,3,34668,0.038999796,18720,0.869999647,29088,1.099000216,7395,0.147000074,0,0,0.031999826,0, 
2/3/2015 8:41, Random-3, 3-3-3,7,96,4,40446,0.026000023,27216,1.090998888,40304,1.404000998,11620,0.203999996,0,0,0.053999901,0, 
2/3/2015 8:41, Random-3, 3-3-3,8,104,5,46224,0.027999878,37296,1.315999746,54560,1.596000195,13989,0.387000084,0,0,0.052999973,0, 
2/3/2015 8:41, Random-8, 8-8-3,11,128,8,3239808,3.582999945,1060992,7.107000351,1394272,9.253999472,162376,0.551000118,0,0,127.997,0, 
2/3/2015 8:43, Random-8, 8-8-3,12,136,9,3534336,3.21600008,1242752,8.278000832,1635360,10.83299899,192585,0.64199996,0,0, ,,
2/3/2015 8:45, Random-9, 9-9-3,13,104,9,6134778,6.618999958,1717344,8.914000034,1928448,10.03499985,241641,0.746000051,0,0,99.35100007,1, 
2/3/2015 8:47, Random-5, 5-5-3,9,72,5,403650,0.434000015,214720,1.489999533,305040,2.071000338,29605,0.112999916,0,0,0.57400012,1, 
2/3/2015 8:47, Random-5, 5-5-3,9,112,5,403650,0.470000029,233456,3.282999516,276624,3.997000456,37349,0.299999952,0,0,12.44300008,1, 
2/3/2015 8:47, Random-10, 10-10-3,14,192,10,10071600,10.67799997,3445504,22.91500044,4038272,27.58599949,365194,1.372000217,0, ,,,
2/3/2015 8:49, Random-8, 8-8-3,11,128,8,3239808,3.44299984,1060992,7.236001015,1336704,8.581999063,238984,1.125999928,0,0,20.83599997,1, 
2/3/2015 8:49, Random-3, 3-3-3,5,40,3,28890,0.034000158,15840,0.199999809,33120,0.370000124,4803,0.029999971,0,0,0.076999903,1, 
2/3/2015 8:49, Random-4, 4-4-3,7,96,4,128352,0.131999969,64512,1.248000622,96768,1.578999281,19844,0.194000006,0,0,14.78999996,0, 
2/3/2015 8:50, Random-4, 4-4-3,8,104,5,146688,0.115999937,86016,1.570999861,125376,1.93200016,28037,0.309999943,0,0,12.20500016,0, 
2/3/2015 8:50, Random-4, 4-4-3,9,112,6,165024,0.128000021,110592,1.936998844,158080,2.54100132,36230,0.277000189,0,0,19.27600002,0, 
2/3/2015 8:50, Random-3, 3-3-3,6,48,3,34668,0.044999838,30480,0.362000227,39744,0.448999882,5571,0.03399992,0,0,0.066999912,1, 
2/3/2015 8:50, Random-8, 8-8-3,11,168,8,3239808,3.504999876,1356800,10.86400151,1378816,10.43299866,180232,1.868000031,0,0,7.078000069,1, 
2/3/2015 8:51, Random-5, 5-5-3,9,152,5,403650,0.440999985,247440,4.355999947,318048,5.367000103,33413,0.282999992,0,0,166.4529998,0, 
2/3/2015 8:54, Random-5, 5-5-3,10,160,6,448500,0.371000051,301856,5.132999897,388352,5.968000174,47494,0.565000057,0,0, ,,
2/3/2015 8:55, Random-4, 4-4-3,7,56,4,128352,0.118000031,79872,0.670000315,112128,0.90299964,10244,0.045000076,0,0,0.585999966,1, 
2/3/2015 8:55, Random-5, 5-5-3,10,160,5,448500,0.486000061,301856,5.388998985,328208,5.30600071,36389,1.337000132,0,0,0.40899992,0, 
2/3/2015 8:55, Random-5, 5-5-3,11,168,6,493350,0.421000004,361312,5.730001211,389040,6.265998602,60454,0.825000048,0,0,44.93299985,0, 
2/3/2015 8:56, Random-5, 5-5-3,12,176,7,538200,0.460000038,425808,6.278999329,461904,7.073000669,73895,0.684999943,0,0,68.13499999,0, 
2/3/2015 8:58, Random-7, 7-7-3,11,168,7,1898358,2.16899991,971392,8.615999937,992704,9.409000158,130343,0.674000025,0,0,29.93999982,1, 
2/3/2015 8:59, Random-5, 5-5-3,9,152,5,403650,0.43900013,215856,4.756999731,335600,6.853000164,33381,0.302999973,0,0,6.986999989,0, 
2/3/2015 8:59, Random-5, 5-5-3,10,160,6,448500,0.370000124,266112,5.497999191,404816,7.506000757,48358,0.739000082,0,0,12.58699989,0, 
2/3/2015 9:00, Random-5, 5-5-3,11,168,7,493350,0.415999889,321408,6.323999405,480752,8.64000082,63335,0.819999933,0,0,15.24099994,0, 
2/3/2015 9:00, Random-4, 4-4-3,7,96,4,128352,0.133000135,64512,1.681999683,106304,2.17200017,17412,0.463999987,0,0,5.228000164,0, 
2/3/2015 9:00, Random-4, 4-4-3,8,104,5,146688,0.11500001,86016,2.064999819,137600,2.764000177,24325,0.571000099,0,0,8.378000021,0, 
2/3/2015 9:01, Random-4, 4-4-3,9,112,6,165024,0.128999949,110592,2.467998981,172352,3.330001116,32518,0.54399991,0,0,21.04900002,0, 
2/3/2015 9:01, Random-9, 9-9-3,12,136,9,5662872,6.511000156,1626752,10.47000122,2235024,14.44399881,213609,0.68900013,0,0,14.86299992,1, 
2/3/2015 9:02, Random-8, 8-8-3,13,144,8,3828864,4.25999999,1438336,9.745999575,1991488,13.33100057,182408,0.66899991,0,0,50.33799982,1, 
2/3/2015 9:03, Random-3, 3-3-3,4,32,3,23112,0.031000137,9504,0.123000145,14784,0.166999817,10371,0.072999954,0,0,0.069999933,1, 
2/3/2015 9:03, Random-8, 8-8-3,13,104,8,3828864,4.285000086,1213440,6.568999767,1930240,10.36600018,116744,0.367000103,0,0,3.630000114,1, 
2/3/2015 9:04, Random-4, 4-4-3,6,88,4,110016,0.079999924,57600,0.987000465,64928,1.029999733,12484,0.296999931,0,0,0.502999783,1, 
2/3/2015 9:04, Random-8, 8-8-3,11,88,8,3239808,3.577000141,872960,4.727000237,1300992,6.99399972,109576,0.342999935,0,0,15.12900019,1, 
2/3/2015 9:05, Random-9, 9-9-3,8,104,9,3775248,4.134000063,789536,4.677999973,747248,4.332000017,373801,1.489000082,0,0, ,,
