Timestamp, Schematic, Workspace, Bitblox #, FGU #, Connection #, Uniqueness clauses, Uniqueness time, Collision clauses, Collision time, Short clauses, Short time, Connection clauses, Connection time, Fixed Bitblox, MemError, SAT time, SAT,
18:23 02-02, Random-12, 9-9-3, 16, 168, 12, 7550496, 8.59500002861, 2747360, 16.9250011444, 4032064, 24.6149988174, 269388, 0.901000022888, 0, 
18:26 02-02, Random-8, 9-9-3, 11, 128, 8, 5190966, 6.3259999752, 1390880, 9.07699942589, 1769728, 11.1820006371, 257544, 0.996999979019, 0, 0, 3.23300004005, 1,
18:30 02-02, Random-8, 9-9-3, 9, 112, 8, 4247154, 5.0039999485, 1084000, 6.91500043869, 1053056, 6.77099943161, 246536, 2.01399993896, 0, 0, 36.4680001736, 1, 
18:57 02-02, Random-8, 9-9-3, 12, 136, 8, 5662872, 6.36999988556, 1626752, 9.88199925423, 2362048, 14.1300008297, 163688, 0.657999992371, 0, 0, 53.1050000191, 0, 
18:58 02-02, Random-8, 9-9-3, 13, 144, 9, 6134778, 6.20199990273, 1880336, 11.4509992599, 2709712, 16.0860009193, 229225, 1.00300002098, 0, 0, 
19:02 02-02, Random-8, 9-9-3, 13, 184, 8, 6134778, 6.66700005531, 2379664, 16.552000761, 2471152, 17.8259992599, 284552, 1.37599992752, 0, 0, 16.9119999409, 1, 
19:04 02-02, Random-8, 9-9-3, 11, 128, 8, 5190966, 6.15400004387, 1240560, 8.37500119209, 1827488, 12.0869987011, 313896, 1.25800013542, 0, 0, 3.29099988937, 1, 
19:05 02-02, Random-8, 9-9-3, 11, 128, 8, 5190966, 6.16100001335, 1531408, 9.99800038338, 1501712, 10.3419997692, 227912, 0.751999855042, 0, 0, 
19:07 02-02, Random-8, 9-9-3, 10, 120, 8, 4719060, 5.22300004959, 1172720, 7.39800024033, 1508368, 9.35599970818, 176072, 0.601000070572, 0, 0, 
19:11 02-02, Random-8, 9-9-3, 13, 144, 8, 6134778, 6.71199989319, 2049664, 12.5480005741, 2305776, 14.2859990597, 240456, 0.831999778748, 0, 0, 54.1979999542, 1, 
19:13 02-02, Random-8, 9-9-3, 11, 128, 8, 5190966, 6.15300011635, 1531408, 9.69999933243, 1775648, 11.5750005245, 170888, 0.582000017166, 0, 0, 96.4849998951, 1, 
19:15 02-02, Random-8, 9-9-3, 11, 168, 8, 5190966, 6.18099999428, 1661280, 11.9229989052, 1982560, 14.3480010033, 302280, 1.23099994659, 0, 0, 72.7260000706, 1, 
19:17 02-02, Random-8, 9-9-3, 10, 160, 8, 4719060, 5.23700022697, 1274240, 10.007999897, 1730976, 13.2720000744, 326728, 1.41299986839, 0, 0, 
19:21 02-02, Random-8, 9-9-3, 12, 136, 8, 5662872, 6.41400003433, 1626752, 10.7260000706, 1959904, 13.2990000248, 262280, 0.899999856949, 0, 0, 141.612999916, 1, 
19:24 02-02, Random-8, 9-9-3, 11, 128, 8, 5190966, 6.15900015831, 1390880, 8.17000055313, 1702624, 9.88399934769, 216200, 0.701999902725, 0, 0, 
19:28 02-02, Random-8, 9-9-3, 12, 176, 8, 5662872, 6.43899989128, 2085040, 15.4579994678, 2205504, 16.9210007191, 306280, 2.98900008202, 0, 0, 
19:32 02-02, Random-8, 9-9-3, 12, 176, 8, 5662872, 6.42700004578, 1923792, 13.3190014362, 2175264, 15.2939984798, 331080, 1.53399991989, 0, 0, 29.7590000629, 1, 
19:33 02-02, Random-8, 9-9-3, 13, 144, 8, 6134778, 6.68000006676, 1880336, 12.2479999065, 2362288, 15.3790001869, 313992, 1.11999988556, 0, 0, 26.6099998951, 1, 
19:34 02-02, Random-8, 9-9-3, 12, 136, 8, 5662872, 6.42000007629, 1626752, 10.0549993515, 2224624, 13.5240006447, 234408, 1.00699996948, 0, 0, 39.1760001183, 1, 
19:35 02-02, Random-8, 9-9-3, 11, 128, 8, 5190966, 6.20499992371, 1240560, 8.48399949074, 1789264, 12.1390006542, 284456, 0.982000112534, 0, 0, 202.993999958, 1, 
19:39 02-02, Random-8, 9-9-3, 12, 136, 8, 5662872, 6.44400000572, 1462032, 9.31500053406, 2318672, 14.3509993553, 197672, 0.763999938965, 0, 0, 67.8570001125, 1, 
19:41 02-02, Random-8, 9-9-3, 13, 184, 8, 6134778, 6.6970000267, 2204016, 15.0800001621, 2729984, 18.6599998474, 250760, 0.980000019073, 0, 0, 23.1610000134, 1, 
19:43 02-02, Random-8, 9-9-3, 12, 136, 8, 5662872, 6.42100000381, 1781680, 10.3739998341, 1964368, 11.3210000992, 243048, 0.844000101089, 0, 0, 
19:47 02-02, Random-8, 9-9-3, 14, 152, 8, 6606684, 7.76399993896, 2151632, 13.8019995689, 3051712, 19.4110004902, 255176, 1.02999997139, 0, 0, 7.84699988365, 1, 
19:48 02-02, Random-8, 9-9-3, 11, 168, 8, 5190966, 6.15899991989, 1504640, 11.6829996109, 2042128, 15.6910004616, 306152, 1.30300021172, 0, 0, 72.143999815, 1, 
19:49 02-02, Random-8, 9-9-3, 14, 192, 8, 6606684, 7.75699996948, 2501952, 17.5459988117, 3191280, 21.1810011864, 317096, 2.27199983597, 0, 0, 74.5, 1, 
19:52 02-02, Random-8, 9-9-3, 10, 80, 8, 4719060, 5.25200009346, 1046448, 5.46299886703, 1224576, 6.40100121498, 159848, 0.492000102997, 0, 0, 
19:56 02-02, Random-8, 9-9-3, 11, 88, 8, 5190966, 6.15799999237, 1118160, 5.90700173378, 1605168, 8.4679980278, 182888, 0.569000005722, 0, 0, 2.88899993896, 1, 
19:56 02-02, Random-8, 9-9-3, 11, 128, 8, 5190966, 6.16799998283, 1390880, 8.95099925995, 1866624, 12.0150005817, 190472, 0.651000022888, 0, 0, 7.69799995422, 1, 
19:57 02-02, Random-8, 9-9-3, 10, 160, 8, 4719060, 5.26300001144, 1274240, 10.5490002632, 1431568, 12.667999506, 388968, 1.72900009155, 0, 0, 
20:01 02-02, Random-8, 9-9-3, 11, 88, 8, 5190966, 6.17299985886, 1118160, 5.92800021172, 1513728, 8.01899981499, 168776, 0.523999929428, 0, 0, 129.745999813, 0, 
20:03 02-02, Random-8, 9-9-3, 12, 96, 9, 5662872, 5.40700006485, 1327392, 7.16799902916, 1787328, 9.64000082016, 216009, 0.674999952316, 0, 0, 
20:05 02-02, Random-8, 9-9-3, 13, 184, 8, 6134778, 6.68300008774, 2379664, 17.1469995975, 2548544, 19.218000412, 300264, 1.32899999619, 0, 0, 10.756000042, 1, 
20:06 02-02, Random-8, 9-9-3, 11, 128, 8, 5190966, 6.15700006485, 1390880, 8.92399978638, 1726832, 11.236000061, 255560, 0.943000078201, 0, 0, 20.0390000343, 1, 
20:07 02-02, Random-8, 9-9-3, 14, 192, 8, 6606684, 7.80400013924, 2692000, 19.7640004158, 2837024, 22.1279993057, 306152, 1.30900001526, 0, 0, 16.4960000515, 1, 
20:08 02-02, Random-8, 9-9-3, 10, 120, 8, 4719060, 5.23199987411, 1036800, 7.24400067329, 1535040, 10.422999382, 237224, 0.949000120163, 0, 0, 147.59100008, 1, 
20:11 02-02, Random-8, 9-9-3, 10, 80, 8, 4719060, 5.28900003433, 926640, 4.87299823761, 1220400, 6.38600182533, 208232, 0.65700006485, 0, 0, 17.4280002117, 1, 
20:12 02-02, Random-8, 9-9-3, 10, 160, 8, 4719060, 5.25900006294, 1416480, 10.0679993629, 1499136, 10.9500005245, 298888, 1.48199987411, 0, 0, 
20:16 02-02, Random-8, 9-9-3, 12, 176, 8, 5662872, 6.44799995422, 1752752, 12.9949986935, 2712288, 18.406001091, 265672, 3.58200001717, 0, 0, 15.1779999733, 1, 
20:17 02-02, Random-8, 9-9-3, 11, 128, 8, 5190966, 6.17700004578, 1531408, 8.96700000763, 1451824, 8.51499986649, 327688, 1.39700007439, 0, 0, 17.3220000267, 1, 
20:18 02-02, Random-8, 9-9-3, 13, 184, 8, 6134778, 6.6859998703, 2379664, 16.267001152, 2715360, 19.2129991055, 229736, 0.993999958038, 0, 0, 57.0559999943, 1, 
20:20 02-02, Random-8, 9-9-3, 13, 184, 8, 6134778, 6.67300009727, 2379664, 15.9390001297, 2479536, 17.0379998684, 324936, 1.46499991417, 0, 0, 
20:24 02-02, Random-8, 9-9-3, 12, 136, 8, 5662872, 6.41499996185, 1781680, 11.6049985886, 2030416, 13.3420014381, 242856, 0.901999950409, 0, 0, 
20:28 02-02, Random-8, 9-9-3, 12, 176, 8, 5662872, 6.44499993324, 2085040, 15.481000185, 1982144, 14.8639998436, 329768, 2.50999999046, 0, 0, 34.8930001259, 1, 
20:29 02-02, Random-8, 9-9-3, 10, 120, 8, 4719060, 5.25299978256, 1172720, 7.97800016403, 1572336, 10.7869999409, 193064, 0.651999950409, 0, 0, 
20:33 02-02, Random-8, 9-9-3, 12, 176, 8, 5662872, 6.44600009918, 1923792, 13.3700006008, 2296112, 16.0059993267, 265064, 2.56200003624, 0, 0, 57.7769999504, 1, 
20:35 02-02, Random-8, 9-9-3, 13, 104, 8, 6134778, 6.70900011063, 1717344, 9.05000138283, 2256048, 11.8549985886, 135944, 1.79299998283, 0, 0, 3.99699997902, 1, 
20:36 02-02, Random-8, 9-9-3, 9, 112, 8, 4247154, 4.97600007057, 1084000, 6.89699959755, 1069744, 7.18500041962, 218216, 1.65399980545, 0, 0, 7.63799977303, 1, 
20:36 02-02, Random-8, 9-9-3, 12, 176, 8, 5662872, 6.45399999619, 2085040, 14.9030008316, 2000832, 15.3069992065, 292392, 1.23199987411, 0, 0, 90.1420001984, 1, 
20:38 02-02, Random-8, 9-9-3, 12, 136, 8, 5662872, 6.4240000248, 1462032, 9.72600078583, 2227264, 14.5869994164, 277160, 0.914000034332, 0, 0, 122.118000031, 1, 
20:41 02-02, Random-8, 9-9-3, 13, 144, 8, 6134778, 6.69400000572, 2049664, 12.1440007687, 2522544, 15.0489990711, 184424, 0.625999927521, 0, 0, 33.5, 1, 
20:42 02-02, Random-8, 9-9-3, 12, 136, 8, 5662872, 6.4470000267, 1626752, 9.69799923897, 2114864, 12.5100004673, 218696, 0.730000019073, 0, 0, 18.4100000858, 1, 
20:43 02-02, Random-8, 9-9-3, 11, 168, 8, 5190966, 6.16400003433, 1661280, 12.0710003376, 1888064, 14.1239993572, 295688, 1.02499985695, 0, 0, 
20:47 02-02, Random-8, 9-9-3, 11, 128, 8, 5190966, 6.14400005341, 1531408, 9.11199975014, 1696656, 10.0600001812, 213224, 0.832000017166, 0, 0, 7.95200014114, 1, 
20:48 02-02, Random-8, 9-9-3, 11, 128, 8, 5190966, 6.20000004768, 1390880, 8.26399993896, 1850992, 10.8849999905, 182792, 0.644000053406, 0, 0, 
20:52 02-02, Random-8, 9-9-3, 13, 144, 8, 6134778, 6.70600008965, 2049664, 12.7030005455, 2334320, 14.7019991875, 183368, 0.59500002861, 0, 0, 16.3949999809, 1, 
20:53 02-02, Random-8, 9-9-3, 11, 168, 8, 5190966, 6.22200012207, 1808128, 12.2069997787, 1803776, 12.5740001202, 337512, 1.7619998455, 0, 0, 48.6770000458, 1, 
20:55 02-02, Random-8, 9-9-3, 11, 168, 8, 5190966, 6.20000004768, 1504640, 12.1149981022, 2133344, 17.1210019588, 283848, 1.05399990082, 0, 0, 
20:59 02-02, Random-8, 9-9-3, 12, 96, 8, 5662872, 6.43799996376, 1476000, 7.7650001049, 1892016, 9.9509999752, 137096, 0.424000024796, 0, 0, 6.30500006676, 1, 
20:59 02-02, Random-8, 9-9-3, 9, 152, 8, 4247154, 4.98199987411, 1061552, 8.49599957466, 1532560, 12.0670003891, 266184, 0.983999967575, 0, 0, 
21:03 02-02, Random-8, 9-9-3, 10, 160, 8, 4719060, 5.2349998951, 1416480, 10.3220000267, 1648048, 12.4170000553, 233064, 0.9359998703, 0, 0, 
21:07 02-02, Random-8, 9-9-3, 12, 136, 8, 5662872, 6.41700005531, 1626752, 9.70600032806, 2248528, 13.2139997482, 196392, 0.887000083923, 0, 0, 7.55700016022, 1, 
21:08 02-02, Random-8, 9-9-3, 11, 128, 8, 5190966, 6.19299983978, 1390880, 8.73400044441, 1843648, 11.4769997597, 236424, 1.01099991798, 0, 0, 174.77699995, 1, 
21:11 02-02, Random-8, 9-9-3, 10, 120, 8, 4719060, 5.25800013542, 1172720, 7.14100074768, 1329200, 8.06199932098, 330280, 1.20900011063, 0, 0, 
21:15 02-02, Random-8, 9-9-3, 12, 176, 8, 5662872, 6.43899989128, 1923792, 14.0470016003, 2353952, 17.5879986286, 257544, 2.41699981689, 0, 0, 
21:19 02-02, Random-6, 9-9-3, 9, 152, 6, 4247154, 5.00999999046, 1061552, 8.41600131989, 1276464, 10.3299987316, 309862, 1.39400005341, 0, 0, 14.6050000191, 1, 
21:20 02-02, Random-4, 9-9-3, 8, 64, 4, 3775248, 4.20799994469, 596736, 3.12599921227, 676512, 3.53600072861, 110020, 0.345999956131, 0, 0, 2.70000004768, 1, 
21:20 02-02, Random-8, 9-9-3, 12, 176, 8, 5662872, 6.43300008774, 2085040, 14.6539998055, 2048960, 15.2320001125, 309480, 1.54299998283, 0, 0, 25.0729999542, 1, 
21:22 02-02, Random-4, 9-9-3, 6, 88, 4, 2831436, 3.25100016594, 398880, 2.83899974823, 489520, 3.31300020218, 187076, 0.914999961853, 0, 0, 2.08200001717, 1, 
21:22 02-02, Random-12, 9-9-3, 14, 192, 12, 6606684, 7.80800008774, 2501952, 18.0949983597, 3208992, 23.6210017204, 400204, 3.32300019264, 0, 0, 
21:26 02-02, Random-10, 9-9-3, 15, 200, 10, 7078590, 8.04399991035, 3022048, 20.4290015697, 3600352, 25.0639986992, 241066, 0.996000051498, 0, 
21:27 02-02, Random-3, 9-9-3, 6, 48, 3, 2831436, 3.28600001335, 337680, 1.78100013733, 411264, 2.16299986839, 58179, 0.180999994278, 0, 0, 1.29399991035, 1, 
21:27 02-02, Random-10, 9-9-3, 13, 184, 10, 6134778, 6.73799991608, 2204016, 15.5119998455, 2736672, 19.3360002041, 355914, 1.50899982452, 0, 0, 44.8280000687, 1, 
21:29 02-02, Random-12, 9-9-3, 16, 168, 12, 7550496, 8.34399986267, 2959888, 17.716999054, 3660016, 22.1910011768, 319020, 1.09100008011, 0, 
21:30 02-02, Random-8, 9-9-3, 10, 80, 8, 4719060, 5.26399993896, 926640, 4.89900016785, 1176192, 6.20599985123, 229256, 0.717000007629, 0, 0, 89.621999979, 1, 
21:32 02-02, Random-6, 9-9-3, 8, 104, 6, 3775248, 4.23100018501, 682416, 4.64299988747, 1148848, 7.47899985313, 146598, 0.536000013351, 0, 0, 11.5859999657, 1, 
21:32 02-02, Random-6, 9-9-3, 10, 160, 6, 4719060, 5.3220000267, 1416480, 10.3380002975, 1543152, 10.4659998417, 210854, 1.85100007057, 0, 0, 33.0800001621, 1, 
21:33 02-02, Random-11, 9-9-3, 14, 152, 11, 6606684, 7.81300020218, 2335360, 15.0469982624, 2527168, 16.6420016289, 411435, 1.69000005722, 0, 0, 
21:37 02-02, Random-9, 9-9-3, 11, 128, 9, 5190966, 6.23400020599, 1390880, 8.99700045586, 1876272, 12.1089994907, 220009, 0.969000101089, 0, 0, 
21:41 02-02, Random-5, 9-9-3, 8, 144, 5, 3775248, 4.1179997921, 866576, 7.6909995079, 1055168, 9.51100063324, 311749, 1.73700022697, 0, 0, 12.9399998188, 1, 
21:42 02-02, Random-12, 9-9-3, 13, 144, 12, 6134778, 6.742000103, 1880336, 11.7829992771, 2543328, 15.6930007935, 277452, 1.04200005531, 0, 0, 
21:46 02-02, Random-7, 9-9-3, 10, 160, 7, 4719060, 5.59099984169, 1416480, 11.5260007381, 1616752, 12.2249994278, 342439, 2.63199996948, 0, 0, 19.131000042, 1, 
21:47 02-02, Random-5, 9-9-3, 8, 104, 5, 3775248, 4.55800008774, 682416, 5.29200053215, 914288, 7.18499946594, 199973, 0.768999814987, 0, 0, 7.83100008965, 1, 
21:48 02-02, Random-6, 9-9-3, 10, 120, 6, 4719060, 5.79099988937, 1036800, 7.72999954224, 1422992, 10.3560006618, 275398, 1.29400014877, 0, 0, 17.4839999676, 1, 
21:48 02-02, Random-7, 9-9-3, 11, 168, 7, 5190966, 6.71299982071, 1504640, 11.6850008965, 2109056, 15.930999279, 229447, 0.908999919891, 0, 0, 
21:52 02-02, Random-3, 9-9-3, 5, 120, 3, 2359530, 2.82999992371, 458160, 4.36100053787, 297824, 3.81899952888, 143043, 0.819000005722, 0, 0, 220.623000145, 1, 
21:56 02-02, Random-7, 9-9-3, 11, 128, 7, 5190966, 6.71799993515, 1390880, 9.00900053978, 1535584, 9.94299936295, 294311, 2.29299998283, 0, 0, 17.751999855, 1, 
21:57 02-02, Random-8, 9-9-3, 13, 184, 8, 6134778, 7.05500006676, 2204016, 17.0690002441, 2710528, 21.1129996777, 289672, 1.18800020218, 0, 
21:58 02-02, Random-9, 9-9-3, 12, 176, 9, 5662872, 7.01600003242, 1923792, 13.4259991646, 2328944, 16.3910009861, 307561, 2.61000013351, 0, 0, 14.0360000134, 1, 
21:59 02-02, Random-7, 9-9-3, 9, 152, 7, 4247154, 4.9849998951, 1307440, 9.83200025558, 1139216, 7.73099970818, 351175, 2.94200015068, 0, 0, 3.38400006294, 1, 
22:00 02-02, Random-7, 9-9-3, 11, 128, 7, 5190966, 6.06900000572, 1390880, 8.37799978256, 1670528, 10.0790002346, 220711, 0.757999897003, 0, 0, 113.882999897, 1, 
22:02 02-02, Random-6, 9-9-3, 8, 104, 6, 3775248, 4.11099982262, 789536, 5.29600048065, 911072, 6.0539996624, 190630, 0.6890001297, 0, 0, 5.7349998951, 1, 
22:03 02-02, Random-3, 9-9-3, 6, 48, 3, 2831436, 3.22599983215, 265680, 1.40499997139, 460512, 2.40500020981, 67395, 0.207999944687, 0, 0, 1.20200014114, 1, 
22:03 02-02, Random-12, 9-9-3, 16, 208, 12, 7550496, 8.09399986267, 3150960, 21.9529993534, 4270688, 29.7070007324, 411788, 1.66300010681, 0, 
22:04 02-02, Random-8, 9-9-3, 13, 144, 8, 6134778, 6.47399997711, 1880336, 11.2500009537, 2528512, 14.9949991703, 258248, 1.00999999046, 0, 0, 46.765999794, 1, 
22:06 02-02, Random-8, 9-9-3, 11, 128, 8, 5190966, 6.0, 1390880, 8.43600082397, 1863744, 11.1329991817, 196232, 0.698000192642, 0, 0, 
22:10 02-02, Random-7, 9-9-3, 10, 120, 7, 4719060, 5.08399987221, 1172720, 7.63100028038, 1513264, 9.92699980736, 166279, 0.664999961853, 0, 0, 22.5869998932, 1, 
22:10 02-02, Random-4, 9-9-3, 6, 88, 4, 2831436, 3.15100002289, 477200, 3.16300034523, 505984, 3.35199975967, 102436, 0.40399980545, 0, 0, 3.09599995613, 1, 
22:11 02-02, Random-4, 9-9-3, 8, 64, 4, 3775248, 4.07299995422, 596736, 3.10799980164, 733680, 3.83300018311, 94180, 0.950000047684, 0, 0, 2.19599986076, 1, 
22:11 02-02, Random-8, 9-9-3, 11, 168, 8, 5190966, 5.94099998474, 1661280, 11.9249989986, 1696640, 11.8330011368, 337544, 2.38700008392, 0, 0, 20.754999876, 1, 
22:12 02-02, Random-3, 9-9-3, 5, 40, 3, 2359530, 2.57500004768, 177120, 0.937999725342, 275328, 1.43600010872, 77187, 0.235999822617, 0, 0, 0.770999908447, 1, 
22:12 02-02, Random-5, 9-9-3, 6, 88, 5, 2831436, 3.14700007439, 477200, 3.27600026131, 269296, 2.1179997921, 292549, 1.08200001717, 0, 0, 
22:17 02-02, Random-12, 9-9-3, 16, 168, 12, 7550496, 8.14599990845, 2959888, 17.3110010624, 3822848, 22.1959989071, 290796, 0.953999996185, 0, 
22:19 02-02, Remote-5, 10-10-2, 16, 168, 15, 5113600, 5.30799984932, 1983360, 12.4059998989, 2482400, 16.1360003948, 196175, 0.981999874115, 0, 0, 3.00900006294, 1, 
22:20 02-02, Remote-7, 10-10-2, 22, 216, 21, 7031200, 7.90300011635, 3704064, 23.0490028858, 4828320, 31.0389971733, 274645, 1.34900021553, 0, 
22:21 02-02, Remote-6, 10-10-2, 19, 192, 18, 6072400, 6.51799988747, 2777472, 18.8010001183, 3558720, 25.1949999332, 235410, 1.13199996948, 0, 0, 141.542000055, 1, 
22:26 02-02, Remote-5, 10-10-2, 16, 168, 15, 5113600, 5.46700000763, 1983360, 12.4890015125, 2482400, 16.1659986973, 196175, 0.993999958038, 0, 0, 3.0680000782, 1, 
22:27 02-02, Remote-4, 10-10-2, 13, 144, 12, 4154800, 4.82800006866, 1321728, 9.03400111198, 1599360, 11.5949988365, 156940, 0.761000156403, 0, 0, 53.8359999657, 1, 
22:29 02-02, Remote-3, 10-10-2, 10, 120, 9, 3196000, 3.39400005341, 792576, 6.04699993134, 909600, 7.55099987984, 117705, 0.573999881744, 0, 0, 12.3739998341, 1, 
22:34 02-02, Remote-4, 10-10-2, 13, 144, 12, 4154800, 4.71000003815, 1321728, 8.87200117111, 1599360, 11.3879988194, 156940, 0.75200009346, 0, 0, 45.756000042, 1, 
22:36 02-02, Remote-2, 10-10-2, 7, 96, 6, 2237200, 2.48199987411, 395904, 2.72599983215, 413120, 3.02500033379, 78470, 0.375999927521, 0, 0, 34.0569999218, 1,
22:47 02-02, Filter-1, 3-4-2, 2, 16, 1, 9120, 0.00600004196167, 1472, 0.0209999084473, 1680, 0.0239999294281, 1121, 0.00800013542175, 0, 0, 0.00999999046326, 1, 
22:47 02-02, Filter-2, 5-4-2, 6, 48, 6, 76320, 0.0649998188019, 39360, 0.411000967026, 43680, 0.467999219894, 16966, 0.100999832153, 0, 0, 
22:49 02-02, Filter-1, 3-4-2, 2, 16, 1, 9120, 0.00500011444092, 1472, 0.0209999084473, 1680, 0.0250000953674, 1121, 0.0090000629425, 0, 0, 0.00999999046326, 1, 
22:49 02-02, Filter-1, 3-4-2, 2, 16, 1, 9120, 0.00600004196167, 1472, 0.0209999084473, 1680, 0.0250000953674, 1121, 0.0090000629425, 0, 0, 0.00999999046326, 1, 
22:50 02-02, Filter-2, 5-4-2, 7, 56, 7, 89040, 0.0680000782013, 55104, 0.543000221252, 59696, 0.689999818802, 21543, 0.177000045776, 0, 0, 
22:55 02-02, Filter-2, 4-4-2, 8, 64, 8, 65024, 0.0569999217987, 57344, 0.668000221252, 60928, 0.767999887466, 21512, 0.147000074387, 0, 0, 0.194000005722, 1, 
22:55 02-02, Filter-1, 2-4-2, 3, 24, 2, 6048, 0.00400018692017, 2688, 0.0549998283386, 2784, 0.0620000362396, 1858, 0.0210001468658, 0, 0, 0.010999917984, 1, 
22:56 02-02, Filter-3, 6-4-2, 13, 104, 14, 238368, 0.231999874115, 249600, 2.1829996109, 274656, 2.69400048256, 60494, 0.331000089645, 0, 0, 
22:57 02-02, Filter-2, 4-4-2, 8, 64, 8, 65024, 0.0569999217987, 57344, 0.649000883102, 60928, 0.757999181747, 21512, 0.150000095367, 0, 0, 0.194000005722, 1, 
23:00 02-02, Filter-3, 6-4-2, 13, 104, 14, 238368, 0.230000019073, 249600, 2.19399952888, 274656, 2.70800042152, 60494, 0.327000141144, 0, 0, 143.367000103, 1, 
23:04 02-02, Filter-4, 8-4-2, 18, 144, 20, 587520, 0.615999937057, 665856, 5.11699867249, 745728, 6.34600138664, 118804, 0.867000102997, 0, 0, 398.846000195, 1, 
23:13 02-02, Filter-5, 10-4-2, 23, 184, 26, 1173920, 1.31200003624, 1392512, 9.93600130081, 1575904, 12.3199987411, 196442, 0.871999979019, 0, 0, 712.427000046, 1, 
23:26 02-02, Filter-5, 10-4-3, 23, 184, 26, 2644080, 3.16099977493, 2088768, 13.3070011139, 3151808, 19.8589992523, 392858, 2.5640001297, 0, 0, 
23:54 02-02, Filter-6, 12-4-2, 28, 224, 32, 2059008, 2.22699999809, 2515968, 16.8230001926, 2866944, 20.4469997883, 293408, 1.17500019073, 0, 0, 
00:10 02-03, Random-9, 9-9-3, 10, 120, 9, 4719060, 5.36099982262, 1298848, 8.47700095177, 1230576, 8.43699908257, 225897, 0.844000101089, 0, 0, 
00:14 02-03, Random-10, 10-10-3, 12, 136, 10, 8632800, 10.1749999523, 2063040, 11.7529983521, 2715968, 15.4050016403, 329994, 1.05099987984, 0, 0, 
00:18 02-03, Random-8, 8-8-3, 13, 184, 8, 3828864, 4.69599986076, 1658624, 13.8880002499, 1993024, 17.010999918, 265992, 1.29499983788, 0, 0, 20.745000124, 1, 
00:19 02-03, Random-7, 7-7-3, 9, 112, 7, 1553202, 1.95899987221, 538032, 4.03500056267, 641824, 4.77499961853, 94375, 0.434000015259, 0, 0, 18.3409998417, 1, 
00:19 02-03, Random-5, 5-5-3, 6, 88, 5, 269100, 0.256999969482, 107792, 1.9610004425, 102624, 2.03099966049, 41413, 0.394999980927, 0, 0, 18.8970000744, 1, 
00:20 02-03, Random-7, 7-7-3, 10, 120, 7, 1725780, 2.2009999752, 651952, 5.32200169563, 819408, 6.7169983387, 114791, 1.02900004387, 0, 0, 27.6320002079, 0, 
00:20 02-03, Random-7, 7-7-3, 11, 128, 8, 1898358, 1.90999984741, 776288, 6.27599859238, 976480, 7.94100141525, 142568, 0.62700009346, 0, 0, 31.6440000534, 0, 
00:21 02-03, Random-7, 7-7-3, 12, 136, 9, 2070936, 2.13499999046, 911040, 7.16099953651, 1147440, 9.08800053596, 170345, 0.710000038147, 0, 0, 37.7409999371, 0, 
00:22 02-03, Random-5, 5-5-3, 9, 112, 5, 403650, 0.493000030518, 263008, 4.05399990082, 266624, 4.3140001297, 33893, 0.301000118256, 0, 0, 0.819000005722, 1, 
00:23 02-03, Random-5, 5-5-3, 7, 56, 5, 313950, 0.488000154495, 130800, 1.14900016785, 157360, 1.36099982262, 31205, 0.266999959946, 0, 0, 25.8910000324, 0, 
00:23 02-03, Random-5, 5-5-3, 8, 64, 6, 358800, 0.379999876022, 170240, 1.27199935913, 205600, 1.52500081062, 42886, 0.328000068665, 0, 0, 
00:27 02-03, Random-9, 9-9-3, 12, 96, 9, 5662872, 6.63499999046, 1327392, 7.33999943733, 1970640, 10.8880007267, 155241, 0.505000114441, 0, 0, 11.9609999657, 1, 
00:27 02-03, Random-4, 4-4-3, 7, 56, 4, 128352, 0.12700009346, 64512, 0.594000101089, 125312, 1.07399988174, 13572, 0.0680000782013, 0, 0, 0.179000139236, 1, 
00:27 02-03, Random-10, 10-10-3, 12, 136, 10, 8632800, 10.3029999733, 2257472, 13.4219996929, 2501376, 15.1550004482, 303754, 0.996000051498, 0, 0, 
01:14 02-03, Random-9, 9-9-3, 9, 152, 9, 4247154, 4.95100021362, 1189392, 8.85299897194, 1077824, 8.23700094223, 498409, 1.88499999046, 0, 0, 
01:18 02-03, Random-8, 8-8-3, 12, 136, 8, 3534336, 4.0649998188, 1115136, 8.04299926758, 1813056, 12.3130009174, 209032, 1.87299990654, 0, 0, 4.92199993134, 1, 
01:19 02-03, Random-5, 5-5-3, 9, 72, 5, 403650, 0.43799996376, 214720, 1.48300004005, 299360, 2.03099989891, 28165, 0.110999822617, 0, 0, 0.569000005722, 1, 
01:19 02-03, Random-5, 5-5-3, 8, 64, 5, 358800, 0.350000143051, 170240, 1.1689991951, 208080, 1.42200064659, 37925, 0.148000001907, 0, 0, 8.46399998665, 1, 
01:19 02-03, Random-3, 3-3-3, 6, 88, 3, 34668, 0.0390000343323, 18720, 0.970999717712, 31792, 1.23100018501, 5859, 0.200999975204, 0, 0, 0.0299999713898, 0, 
01:19 02-03, Random-3, 3-3-3, 7, 96, 4, 40446, 0.0239999294281, 27216, 1.30999994278, 44224, 1.55100011826, 8804, 0.384999990463, 0, 0, 0.039999961853, 0, 
01:19 02-03, Random-3, 3-3-3, 8, 104, 5, 46224, 0.029000043869, 37296, 1.53999996185, 58416, 1.83400011063, 12453, 0.368999958038, 0, 0, 0.0510001182556, 0, 
01:20 02-03, Random-9, 9-9-3, 12, 136, 9, 5662872, 6.38899993896, 1781680, 11.1039991379, 1912640, 12.3070011139, 253545, 0.930000066757, 0, 0, 
01:24 02-03, Random-10, 10-10-3, 11, 168, 10, 7913400, 8.39199995995, 1941248, 12.7950000763, 2862496, 18.489000082, 527818, 2.20399999619, 0, 0, 
01:28 02-03, Random-7, 7-7-3, 11, 128, 7, 1898358, 2.09100008011, 689520, 4.74700045586, 1169712, 7.57999944687, 91015, 0.333999872208, 0, 0, 23.5980000496, 1, 
01:29 02-03, Random-3, 3-3-3, 6, 88, 3, 34668, 0.0379998683929, 18720, 1.18200016022, 31792, 1.65899991989, 5859, 0.0749998092651, 0, 0, 0.029000043869, 0, 
01:29 02-03, Random-3, 3-3-3, 7, 96, 4, 40446, 0.0239999294281, 27216, 1.53499984741, 43584, 2.11500024796, 10084, 0.139999866486, 0, 0, 0.0490000247955, 0, 
01:29 02-03, Random-3, 3-3-3, 8, 104, 5, 46224, 0.0279998779297, 37296, 1.83899950981, 58416, 2.38800048828, 12453, 0.194000005722, 0, 0, 0.0520000457764, 0, 
01:29 02-03, Random-6, 6-6-3, 10, 120, 6, 930960, 1.03200006485, 449408, 3.88999962807, 577984, 4.93300032616, 65158, 0.322999954224, 0, 0, 32.7660000324, 1, 
01:30 02-03, Random-8, 8-8-3, 10, 80, 8, 2945280, 3.28499984741, 723456, 3.92500042915, 994304, 5.34299969673, 139272, 0.438999891281, 0, 0, 
01:34 02-03, Random-6, 6-6-3, 9, 152, 6, 837864, 0.974999904633, 414528, 5.5720000267, 475648, 6.57400012016, 94470, 0.792999982834, 0, 0, 11.9730000496, 0, 
01:34 02-03, Random-6, 6-6-3, 10, 160, 7, 930960, 0.819000005722, 500736, 6.30100059509, 583712, 7.45099949837, 109255, 0.84299993515, 0, 0, 31.8239998817, 0, 
01:35 02-03, Random-6, 6-6-3, 11, 168, 8, 1024056, 0.917999982834, 594432, 7.17800045013, 699168, 8.53699970245, 129224, 0.910000085831, 0, 0, 26.2799999714, 0, 
01:36 02-03, Random-3, 3-3-3, 6, 128, 3, 34668, 0.0379998683929, 18560, 2.46599960327, 13568, 2.53000044823, 4291, 0.378000020981, 0, 0, 0.0230000019073, 0, 
01:36 02-03, Random-3, 3-3-3, 7, 136, 4, 40446, 0.0239999294281, 27392, 2.98700046539, 20640, 3.20599961281, 8516, 0.413000106812, 0, 0, 0.0339999198914, 0, 
01:36 02-03, Random-3, 3-3-3, 8, 144, 5, 46224, 0.0269999504089, 37808, 3.55400013924, 29824, 3.72699975967, 12741, 0.470999956131, 0, 0, 0.0490000247955, 0, 
01:36 02-03, Random-4, 4-4-3, 6, 48, 4, 110016, 0.0820000171661, 46080, 0.407999992371, 93120, 0.781000137329, 14468, 0.0709998607635, 0, 0, 0.102999925613, 1, 
01:37 02-03, Random-3, 3-3-3, 6, 48, 3, 34668, 0.0380001068115, 30480, 0.358999729156, 25632, 0.306000232697, 9603, 0.0640001296997, 0, 0, 0.0889999866486, 1, 
01:37 02-03, Random-3, 3-3-3, 5, 40, 3, 28890, 0.0360000133514, 21216, 0.252000331879, 21600, 0.242999792099, 7299, 0.0750000476837, 0, 0, 0.0440001487732, 1, 
01:37 02-03, Random-8, 8-8-3, 9, 112, 8, 2650752, 3.13000011444, 645120, 4.79099941254, 1038560, 7.47700047493, 113480, 0.384999990463, 0, 0, 154.54399991, 0, 
01:40 02-03, Random-8, 8-8-3, 10, 120, 9, 2945280, 2.94000005722, 787968, 5.76700019836, 1245856, 8.85399961472, 143689, 0.486000061035, 0, 0, 
01:41 02-03, Random-4, 4-4-3, 7, 56, 4, 128352, 0.119000196457, 93440, 0.756000041962, 76544, 0.625999927521, 19972, 0.0929999351501, 0, 0, 0.34500002861, 1, 
01:41 02-03, Random-5, 5-5-3, 8, 104, 5, 358800, 0.348000049591, 186528, 2.15100026131, 216208, 2.36199975014, 45797, 0.606000185013, 0, 0, 0.356999874115, 1, 
01:41 02-03, Random-5, 5-5-3, 8, 64, 5, 358800, 0.351000070572, 170240, 1.16899991035, 224400, 1.52400016785, 32485, 0.128999948502, 0, 0, 0.365000009537, 1, 
01:41 02-03, Random-4, 4-4-3, 7, 56, 4, 128352, 0.125, 64512, 0.565000534058, 125952, 1.02299952507, 12292, 0.055999994278, 0, 0, 0.276999950409, 1, 
01:41 02-03, Random-3, 3-3-3, 6, 48, 3, 34668, 0.0400002002716, 30480, 0.369000196457, 36192, 0.412999629974, 6339, 0.0410001277924, 0, 0, 0.061999797821, 1, 
01:41 02-03, Random-9, 9-9-3, 12, 136, 9, 5662872, 6.41300010681, 1781680, 10.6290001869, 2031696, 12.2369997501, 240297, 0.881000041962, 0, 0, 93.5279998779, 1, 
01:43 02-03, Random-8, 8-8-3, 12, 136, 8, 3534336, 4.06500005722, 1362688, 9.4759991169, 1499296, 10.7330009937, 178504, 1.52900004387, 0, 0, 8.94199991226, 1, 
01:44 02-03, Random-6, 6-6-3, 8, 104, 6, 744768, 0.796000003815, 297152, 2.98500061035, 357376, 3.80599951744, 59142, 0.359999895096, 0, 0, 36.1919999123, 1, 
01:45 02-03, Random-10, 10-10-3, 14, 192, 10, 10071600, 10.6370000839, 3445504, 21.3019983768, 3697920, 23.5790016651, 318346, 1.08499979973, 0, 
01:46 02-03, Random-3, 3-3-3, 4, 32, 3, 23112, 0.0329999923706, 13536, 0.154000043869, 10272, 0.118000030518, 5955, 0.0369999408722, 0, 0, 0.0260000228882, 1, 
01:46 02-03, Random-4, 4-4-3, 8, 104, 4, 146688, 0.136999845505, 102656, 1.9269990921, 99008, 1.82400107384, 21380, 0.384999990463, 0, 0, 9.34800004959, 0, 
01:46 02-03, Random-4, 4-4-3, 9, 112, 5, 165024, 0.126999855042, 129792, 2.13099956512, 127104, 1.97800040245, 29573, 0.421000003815, 0, 0, 10.256000042, 0, 
01:46 02-03, Random-4, 4-4-3, 10, 120, 6, 183360, 0.143000125885, 160000, 2.4849998951, 159296, 2.54399991035, 37766, 0.559000015259, 0, 0, 26.4160001278, 0, 
01:47 02-03, Random-5, 5-5-3, 9, 112, 5, 403650, 0.440999984741, 201024, 2.59700012207, 331648, 3.78299999237, 37029, 0.300000190735, 0, 0, 2.54099988937, 1, 
01:48 02-03, Random-3, 3-3-3, 6, 88, 3, 34668, 0.0380001068115, 28864, 0.905999183655, 21584, 0.70300078392, 4323, 0.18499994278, 0, 0, 0.0269999504089, 0, 
01:48 02-03, Random-3, 3-3-3, 7, 96, 4, 40446, 0.0240001678467, 40048, 1.17099905014, 31552, 0.947000741959, 7972, 0.241999864578, 0, 0, 0.0379998683929, 0, 
01:49 02-03, Random-3, 3-3-3, 8, 104, 5, 46224, 0.0280001163483, 52816, 1.53200054169, 43984, 1.19799947739, 10917, 0.361999988556, 0, 0, 0.0499999523163, 0, 
01:49 02-03, Random-5, 5-5-3, 8, 144, 5, 358800, 0.34500002861, 170640, 4.06299948692, 276672, 5.87100052834, 28357, 0.200999975204, 0, 0, 29.5169999599, 0, 
01:49 02-03, Random-5, 5-5-3, 9, 152, 6, 403650, 0.40700006485, 215856, 4.73700022697, 342416, 6.86099982262, 40038, 0.249000072479, 0, 0, 39.359000206, 0, 
01:50 02-03, Random-5, 5-5-3, 10, 160, 7, 448500, 0.378000020981, 266112, 5.36300063133, 414880, 7.56599926949, 51719, 0.477999925613, 0, 0, 35.7009999752, 0, 
01:51 02-03, Random-10, 10-10-3, 12, 136, 10, 8632800, 9.83399987221, 2063040, 11.6160004139, 2480704, 13.9379997253, 459914, 1.65799999237, 0, 0, 
01:56 02-03, Random-7, 7-7-3, 11, 88, 7, 1898358, 2.09099984169, 737296, 4.11800003052, 863072, 4.83400011063, 73255, 0.244999885559, 0, 0, 2.22599983215, 1, 
01:57 02-03, Random-3, 3-3-3, 6, 88, 3, 34668, 0.0379998683929, 24272, 0.9359998703, 25856, 0.935000181198, 4579, 0.141000032425, 0, 0, 0.0269999504089, 0, 
01:57 02-03, Random-3, 3-3-3, 7, 96, 4, 40446, 0.0239999294281, 34112, 1.17400050163, 36304, 1.20299959183, 8804, 0.209000110626, 0, 0, 0.039999961853, 0, 
01:57 02-03, Random-3, 3-3-3, 8, 104, 5, 46224, 0.0279998779297, 45536, 1.44600009918, 49152, 1.46199989319, 12453, 0.196000099182, 0, 0, 0.0510001182556, 0, 
01:57 02-03, Random-6, 6-6-3, 10, 120, 6, 930960, 1.03899979591, 449408, 4.07800102234, 600960, 5.42599916458, 67590, 0.357000112534, 0, 0, 1.51600003242, 1, 
01:58 02-03, Random-3, 3-3-3, 6, 88, 3, 34668, 0.039999961853, 28864, 0.909000396729, 25008, 0.822999477386, 3075, 0.108000040054, 0, 0, 0.0250000953674, 0, 
01:58 02-03, Random-3, 3-3-3, 7, 96, 4, 40446, 0.0239999294281, 40048, 1.1909995079, 37344, 1.01900053024, 5444, 0.325999975204, 0, 0, 0.0350000858307, 0, 
01:58 02-03, Random-3, 3-3-3, 8, 104, 5, 46224, 0.0280001163483, 52816, 1.45399951935, 51152, 1.29300045967, 9093, 0.348999977112, 0, 0, 0.0480000972748, 0, 
01:58 02-03, Random-5, 5-5-3, 8, 104, 5, 358800, 0.348999977112, 211920, 2.82899951935, 216016, 2.9980006218, 23749, 0.276999950409, 0, 0, 8.09599995613, 1, 
01:58 02-03, Random-3, 3-3-3, 3, 104, 3, 17334, 0.010999917984, 1216, 1.33700013161, 1440, 0.555000066757, 1027, 1.2460000515, 0, 0, 0.00599980354309, 0, 
01:58 02-03, Random-3, 3-3-3, 4, 112, 4, 23112, 0.0139999389648, 3952, 1.58600068092, 5312, 1.78099942207, 2820, 0.491000175476, 0, 0, 0.0130000114441, 0, 
01:58 02-03, Random-3, 3-3-3, 5, 120, 5, 28890, 0.0169999599457, 8272, 2.05599999428, 11008, 2.21899986267, 5189, 0.577999830246, 0, 0, 0.0199999809265, 0, 
01:58 02-03, Random-10, 10-10-3, 12, 176, 10, 8632800, 9.8220000267, 2256704, 14.8309993744, 3296896, 21.2990007401, 479242, 2.11800003052, 0, 
02:00 02-03, Random-9, 9-9-3, 12, 176, 9, 5662872, 6.34599995613, 2085040, 14.9529988766, 2258704, 16.9100010395, 199881, 2.17299985886, 0, 0, 
02:04 02-03, Random-7, 7-7-3, 10, 160, 7, 1725780, 2.0039999485, 672896, 6.45899915695, 826656, 7.91000103951, 198087, 1.63499999046, 0, 0, 151.078000069, 1, 
02:07 02-03, Random-6, 6-6-3, 10, 120, 6, 930960, 1.02600002289, 393984, 3.32900071144, 650112, 5.04599928856, 73990, 0.530999898911, 0, 0, 5.78600001335, 1, 
02:07 02-03, Random-4, 4-4-3, 6, 88, 4, 110016, 0.0789999961853, 67328, 1.21799969673, 52096, 1.11200046539, 11780, 0.256999969482, 0, 0, 5.55200004578, 0, 
02:07 02-03, Random-4, 4-4-3, 7, 96, 5, 128352, 0.104000091553, 90880, 1.5100004673, 74048, 1.35199952126, 18949, 0.246999979019, 0, 0, 9.51099991798, 0, 
02:08 02-03, Random-4, 4-4-3, 8, 104, 6, 146688, 0.115999937057, 117504, 1.79499959946, 100032, 1.66300034523, 26246, 0.476000070572, 0, 0, 13.5619997978, 0, 
02:09 02-03, Random-4, 4-4-3, 8, 104, 4, 146688, 0.126999855042, 117504, 1.66499948502, 108416, 1.52300071716, 16260, 0.249000072479, 0, 0, 13.6130001545, 0, 
02:09 02-03, Random-4, 4-4-3, 9, 112, 5, 165024, 0.128999948502, 147200, 2.07199931145, 139072, 1.86300063133, 24453, 0.217000007629, 0, 0, 12.6820001602, 0, 
02:10 02-03, Random-4, 4-4-3, 10, 120, 6, 183360, 0.141999959946, 179968, 2.41799974442, 173824, 2.30600047112, 32646, 0.358000040054, 0, 0, 17.0340001583, 0, 
02:10 02-03, Random-6, 6-6-3, 10, 160, 6, 930960, 1.01999998093, 445184, 5.75400114059, 625536, 7.72499895096, 100870, 1.24399995804, 0, 0, 48.4390001297, 1, 
02:11 02-03, Random-5, 5-5-3, 7, 96, 5, 313950, 0.316999912262, 144640, 2.23699951172, 163696, 2.56400060654, 37637, 0.34700012207, 0, 0, 0.50200009346, 1, 
02:11 02-03, Random-3, 3-3-3, 5, 80, 3, 28890, 0.0349998474121, 16016, 0.84800028801, 18720, 1.01399970055, 2403, 0.055999994278, 0, 0, 0.0199999809265, 0, 
02:11 02-03, Random-3, 3-3-3, 6, 88, 4, 34668, 0.0210001468658, 24272, 1.04800009727, 29072, 1.27299976349, 6052, 0.0769999027252, 0, 0, 0.0299999713898, 0, 
02:11 02-03, Random-3, 3-3-3, 7, 96, 5, 40446, 0.0239999294281, 34112, 1.41800069809, 41536, 1.72099947929, 9701, 0.102999925613, 0, 0, 0.0409998893738, 0, 
02:12 02-03, Random-8, 8-8-3, 13, 144, 8, 3828864, 4.23000001907, 1438336, 9.7680003643, 2077440, 13.8829996586, 166920, 0.720999956131, 0, 0, 55.1099998951, 1, 
02:14 02-03, Random-7, 7-7-3, 13, 184, 7, 2243514, 2.56100010872, 1192048, 10.414999485, 1548576, 13.1720004082, 144007, 0.831000089645, 0, 0, 48.3279998302, 1, 
02:15 02-03, Random-9, 9-9-3, 11, 168, 9, 5190966, 6.1179997921, 1661280, 12.4769999981, 1862704, 13.2930002213, 444201, 2.78999996185, 0, 0, 
02:19 02-03, Random-3, 3-3-3, 4, 112, 3, 23112, 0.0319998264313, 3952, 1.77899980545, 5280, 2.32000017166, 2883, 0.144000053406, 0, 0, 0.0130000114441, 0, 
02:19 02-03, Random-3, 3-3-3, 5, 120, 4, 28890, 0.0170001983643, 8272, 2.04699993134, 10048, 2.62199997902, 7108, 0.177000045776, 0, 0, 0.0230000019073, 0, 
02:19 02-03, Random-3, 3-3-3, 6, 128, 5, 34668, 0.0210001468658, 14176, 2.64699983597, 17856, 3.27699995041, 9477, 0.259999990463, 0, 0, 0.0310001373291, 0, 
02:20 02-03, Random-7, 7-7-3, 11, 128, 7, 1898358, 2.1289999485, 776288, 5.46700024605, 931088, 6.4849998951, 146823, 0.769999980927, 0, 0, 7.06299996376, 1, 
02:20 02-03, Random-4, 4-4-3, 7, 96, 4, 128352, 0.118000030518, 90880, 1.60199975967, 71232, 1.18700027466, 16772, 0.524000167847, 0, 0, 6.87999987602, 0, 
02:20 02-03, Random-4, 4-4-3, 8, 104, 5, 146688, 0.114999771118, 117504, 1.9240000248, 96384, 1.5529999733, 23685, 0.618000030518, 0, 0, 8.95000004768, 0, 
02:20 02-03, Random-4, 4-4-3, 9, 112, 6, 165024, 0.12700009346, 147200, 2.26999926567, 124992, 1.90200066566, 31878, 0.583999872208, 0, 0, 11.2599999905, 0, 
02:21 02-03, Random-6, 6-6-3, 9, 152, 6, 837864, 0.986999988556, 414528, 5.21599984169, 434176, 5.88800024986, 93702, 0.69000005722, 0, 0, 2.49900007248, 1, 
02:21 02-03, Random-3, 3-3-3, 5, 80, 3, 28890, 0.0369999408722, 11808, 0.987000465393, 20768, 1.34899973869, 4323, 0.1890001297, 0, 0, 0.0209999084473, 0, 
02:21 02-03, Random-3, 3-3-3, 6, 88, 4, 34668, 0.0210001468658, 18720, 1.06900000572, 31088, 1.25900006294, 7268, 0.341000080109, 0, 0, 0.0309998989105, 0, 
02:21 02-03, Random-3, 3-3-3, 7, 96, 5, 40446, 0.0239999294281, 27216, 1.2859992981, 43168, 1.56100058556, 10917, 0.401000022888, 0, 0, 0.0420000553131, 0, 
02:21 02-03, Random-8, 8-8-3, 11, 128, 8, 3239808, 3.44499993324, 1169664, 8.21900010109, 1253568, 9.1970000267, 141576, 0.498000144958, 0, 0, 88.2229998112, 0, 
02:23 02-03, Random-8, 8-8-3, 12, 136, 9, 3534336, 3.13199996948, 1362688, 9.4530005455, 1475968, 10.6319994926, 178441, 0.618000030518, 0, 0, 80.8399999142, 0, 
02:25 02-03, Random-3, 3-3-3, 4, 32, 3, 23112, 0.0329999923706, 9504, 0.120000362396, 12624, 0.150999546051, 7011, 0.0439999103546, 0, 0, 0.029000043869, 1, 
02:25 02-03, Random-7, 7-7-3, 9, 112, 7, 1553202, 1.70999979973, 538032, 4.63300013542, 677184, 5.95199990273, 75559, 0.331000089645, 0, 0, 
02:29 02-03, Random-8, 8-8-3, 13, 144, 8, 3828864, 4.1819999218, 1569536, 10.6090006828, 1829184, 12.6439993382, 151560, 0.528000116348, 0, 0, 56.5470001698, 1, 
02:31 02-03, Random-5, 5-5-3, 9, 152, 5, 403650, 0.432999849319, 247440, 4.90100026131, 318576, 6.30299973488, 26277, 0.285000085831, 0, 0, 4.24800014496, 0, 
02:31 02-03, Random-5, 5-5-3, 10, 160, 6, 448500, 0.371000051498, 301856, 5.76499986649, 388480, 7.37400007248, 37958, 0.521000146866, 0, 0, 6.92199993134, 0, 
02:32 02-03, Random-5, 5-5-3, 11, 168, 7, 493350, 0.419000148773, 361312, 6.48399949074, 463456, 8.05500030518, 52935, 0.460999965668, 0, 0, 9.91200017929, 0, 
02:32 02-03, Random-4, 4-4-3, 8, 144, 4, 146688, 0.128000020981, 112896, 4.19799995422, 74368, 4.35399985313, 20996, 0.31299996376, 0, 0, 0.677999973297, 0, 
02:32 02-03, Random-4, 4-4-3, 9, 152, 5, 165024, 0.128999948502, 142592, 4.84899997711, 99264, 4.98500013351, 28293, 0.47200012207, 0, 0, 3.01200008392, 0, 
02:33 02-03, Random-4, 4-4-3, 10, 160, 6, 183360, 0.140000104904, 175360, 5.53400015831, 127808, 5.78899979591, 36486, 0.516000032425, 0, 0, 1.49699997902, 0, 
02:33 02-03, Random-7, 7-7-3, 11, 128, 7, 1898358, 2.125, 776288, 5.34999918938, 1064832, 7.18300080299, 91015, 0.329999923706, 0, 0, 10.3270001411, 1, 
02:33 02-03, Random-5, 5-5-3, 10, 160, 5, 448500, 0.463000059128, 301856, 5.35100078583, 391152, 6.89699912071, 32613, 0.342000007629, 0, 0, 15.7690000534, 0, 
02:34 02-03, Random-5, 5-5-3, 11, 168, 6, 493350, 0.415999889374, 361312, 6.41400051117, 468016, 8.26899957657, 43814, 0.388000011444, 0, 0, 13.875, 0, 
02:34 02-03, Random-5, 5-5-3, 12, 176, 7, 538200, 0.467000007629, 425808, 6.92400121689, 550160, 8.96599888802, 57895, 0.478999853134, 0, 0, 51.0450000763, 0, 
02:36 02-03, Random-8, 8-8-3, 12, 176, 8, 3534336, 4.01200008392, 1568256, 11.6959993839, 1507840, 10.9860005379, 224264, 1.90999984741, 0, 0, 41.0639998913, 1, 
02:39 02-03, Random-7, 7-7-3, 12, 96, 7, 2070936, 2.18799996376, 868896, 5.19000053406, 945280, 5.32199954987, 117607, 0.391999959946, 0, 0, 2.74000000954, 1, 
02:39 02-03, Random-7, 7-7-3, 8, 144, 7, 1380624, 1.60699987411, 512048, 4.84500050545, 435696, 4.43799972534, 193255, 1.46299982071, 0, 0, 62.1960000992, 1, 
02:40 02-03, Random-7, 7-7-3, 11, 128, 7, 1898358, 2.12800002098, 776288, 6.05800032616, 1121808, 8.56799960136, 83399, 0.354000091553, 0, 0, 3.375, 1, 
02:41 02-03, Random-9, 9-9-3, 12, 176, 9, 5662872, 6.41600012779, 1923792, 14.0760009289, 2228064, 16.70499897, 401161, 2.95499992371, 0, 0, 
02:45 02-03, Random-6, 6-6-3, 8, 64, 6, 744768, 0.794999837875, 252672, 1.54399991035, 289344, 1.7570002079, 64902, 0.425999879837, 0, 0, 0.963999986649, 1, 
02:46 02-03, Random-4, 4-4-3, 6, 88, 4, 110016, 0.0790002346039, 46080, 1.29399967194, 81440, 2.05300021172, 11588, 0.139000177383, 0, 0, 1.04699993134, 0, 
02:46 02-03, Random-4, 4-4-3, 7, 96, 5, 128352, 0.105999946594, 64512, 1.66900014877, 109984, 2.56299996376, 17861, 0.117000102997, 0, 0, 1.87700009346, 0, 
02:46 02-03, Random-4, 4-4-3, 8, 104, 6, 146688, 0.115999937057, 86016, 1.73299980164, 142208, 2.50800037384, 24966, 0.290999889374, 0, 0, 17.0099999905, 0, 
02:46 02-03, Random-7, 7-7-3, 9, 152, 7, 1553202, 1.73399996758, 692784, 6.47699952126, 599296, 6.1350004673, 145895, 0.861999988556, 0, 0, 
02:50 02-03, Random-10, 10-10-3, 14, 192, 10, 10071600, 10.5640001297, 3205760, 20.0229995251, 4115072, 25.5030004978, 454666, 1.5720000267, 0, 
02:52 02-03, Random-9, 9-9-3, 10, 120, 9, 4719060, 5.19900012016, 1036800, 6.97400045395, 1564064, 10.3499994278, 228489, 0.851000070572, 0, 0, 
02:56 02-03, Random-5, 5-5-3, 8, 104, 5, 358800, 0.341000080109, 186528, 2.15000081062, 189008, 2.2369992733, 52869, 0.490000009537, 0, 0, 53.388999939, 1, 
02:57 02-03, Random-6, 6-6-3, 10, 80, 6, 930960, 1.01800012589, 392256, 2.41000032425, 552768, 3.35799956322, 60294, 0.212000131607, 0, 0, 1.05399990082, 1, 
02:57 02-03, Random-9, 9-9-3, 12, 176, 9, 5662872, 6.39800000191, 1923792, 13.0679991245, 2348880, 15.927000761, 220905, 2.14100003242, 0, 0, 
03:01 02-03, Random-6, 6-6-3, 8, 144, 6, 744768, 0.797000169754, 374848, 5.14199995995, 283200, 3.66899991035, 86790, 1.78900003433, 0, 0, 11.745000124, 1, 
03:01 02-03, Random-9, 9-9-3, 11, 128, 9, 5190966, 6.13100004196, 1531408, 8.80500078201, 1638000, 9.39699912071, 209001, 0.730999946594, 0, 0, 52.3119997978, 1, 
03:03 02-03, Random-7, 7-7-3, 10, 80, 7, 1725780, 2.01600003242, 616112, 3.48400044441, 712992, 4.05099964142, 73255, 0.243999958038, 0, 0, 56.4990000725, 0, 
03:04 02-03, Random-7, 7-7-3, 11, 88, 8, 1898358, 1.74500012398, 737296, 4.19099974632, 864192, 4.91400003433, 96104, 0.316999912262, 0, 0, 56.8329999447, 0, 
03:05 02-03, Random-7, 7-7-3, 12, 96, 9, 2070936, 1.94400000572, 868896, 4.90300154686, 1026816, 5.80199861526, 123881, 0.407999992371, 0, 0, 69.6859998703, 0, 
03:06 02-03, Random-7, 7-7-3, 12, 136, 7, 2070936, 2.22200012207, 911040, 7.63700008392, 1248320, 9.8599998951, 112551, 0.640000104904, 0, 0, 106.960000038, 1, 
03:09 02-03, Random-6, 6-6-3, 10, 120, 6, 930960, 1.01899981499, 500608, 4.39100003242, 455104, 4.07500004768, 101126, 0.719999790192, 0, 0, 0.97200012207, 1, 
03:09 02-03, Random-7, 7-7-3, 10, 80, 7, 1725780, 2.0039999485, 468720, 2.71100020409, 899920, 5.06699991226, 77287, 0.257999897003, 0, 0, 1.10299992561, 1, 
03:10 02-03, Random-9, 9-9-3, 11, 88, 9, 5190966, 6.1139998436, 1118160, 5.82499909401, 1409040, 7.35500097275, 238185, 0.727999925613, 0, 0, 
03:14 02-03, Random-5, 5-5-3, 9, 152, 5, 403650, 0.430000066757, 215856, 4.66299962997, 330864, 6.46600031853, 42853, 0.509999990463, 0, 0, 16.6779999733, 0, 
03:15 02-03, Random-5, 5-5-3, 10, 160, 6, 448500, 0.375, 266112, 5.34999966621, 400848, 7.29500031471, 56294, 0.736999988556, 0, 0, 24.3450000286, 0, 
03:15 02-03, Random-5, 5-5-3, 11, 168, 7, 493350, 0.414000034332, 321408, 6.06200027466, 477552, 8.25599980354, 69735, 0.610000133514, 0, 0, 34.3310000896, 0, 
03:16 02-03, Random-7, 7-7-3, 10, 80, 7, 1725780, 2.00900006294, 616112, 3.46199917793, 698768, 3.93600058556, 82887, 0.269999980927, 0, 0, 1.53200006485, 1, 
03:18 02-03, Random-6, 6-6-3, 9, 72, 6, 837864, 0.960999965668, 318720, 1.94799947739, 469344, 2.82100057602, 43590, 0.394000053406, 0, 0, 0.53200006485, 1, 
03:18 02-03, Random-3, 3-3-3, 6, 88, 3, 34668, 0.0390000343323, 24272, 0.950999975204, 29808, 1.07500004768, 3267, 0.0879998207092, 0, 0, 0.0260000228882, 0, 
03:18 02-03, Random-3, 3-3-3, 7, 96, 4, 40446, 0.0239999294281, 34112, 1.16800022125, 42048, 1.31099963188, 6212, 0.150000095367, 0, 0, 0.0360000133514, 0, 
03:18 02-03, Random-3, 3-3-3, 8, 104, 5, 46224, 0.0269999504089, 45536, 1.40599942207, 56048, 1.58800053596, 9861, 0.173000097275, 0, 0, 0.0479998588562, 0, 
03:18 02-03, Random-9, 9-9-3, 13, 144, 9, 6134778, 6.66100001335, 2049664, 12.5709998608, 2500480, 15.4250001907, 189609, 0.631999969482, 0, 0, 
03:22 02-03, Random-9, 9-9-3, 15, 200, 9, 7078590, 7.96199989319, 3022048, 19.5490002632, 3512256, 23.1099998951, 293545, 1.32400012016, 0, 
03:23 02-03, Random-5, 5-5-3, 7, 56, 5, 313950, 0.315999984741, 130800, 0.89599943161, 165680, 1.11400055885, 28965, 0.212999820709, 0, 0, 0.506999969482, 1, 
03:23 02-03, Random-3, 3-3-3, 5, 40, 3, 28890, 0.0379998683929, 15840, 0.203000307083, 28704, 0.327999830246, 5571, 0.0339999198914, 0, 0, 0.0310001373291, 1, 
03:23 02-03, Random-8, 8-8-3, 10, 160, 8, 2945280, 3.34299993515, 1058048, 8.7460000515, 1240704, 10.3680000305, 240648, 1.30399990082, 0, 0, 
03:28 02-03, Random-3, 3-3-3, 6, 88, 3, 34668, 0.0390000343323, 18720, 0.958000898361, 30016, 1.02999925613, 5539, 0.322000026703, 0, 0, 0.0279998779297, 0, 
03:28 02-03, Random-3, 3-3-3, 7, 96, 4, 40446, 0.0239999294281, 27216, 1.17999958992, 41232, 1.32200050354, 9764, 0.394000053406, 0, 0, 0.0409998893738, 0, 
03:28 02-03, Random-3, 3-3-3, 8, 104, 5, 46224, 0.0280001163483, 37296, 1.51699972153, 54560, 1.76800012589, 13989, 0.381999969482, 0, 0, 0.0529999732971, 0, 
03:29 02-03, Random-10, 10-10-3, 13, 144, 10, 9352200, 10.242000103, 2594560, 14.243999958, 2959808, 16.1790001392, 395018, 1.60899996758, 0, 
03:30 02-03, Random-9, 9-9-3, 11, 128, 9, 5190966, 6.08599996567, 1390880, 9.15999984741, 1555856, 10.4900000095, 351913, 1.35499978065, 0, 0, 
03:34 02-03, Random-7, 7-7-3, 11, 88, 7, 1898358, 2.1099998951, 658000, 3.73099994659, 877184, 4.94000005722, 107975, 0.361000061035, 0, 0, 4.39400005341, 1, 
03:35 02-03, Random-8, 8-8-3, 11, 168, 8, 3239808, 3.45399999619, 1244416, 9.43499994278, 1415040, 11.0340001583, 196104, 0.825000047684, 0, 0, 
03:39 02-03, Random-9, 9-9-3, 14, 192, 9, 6606684, 7.6930000782, 2501952, 16.606000185, 3225408, 21.3220000267, 248841, 0.900000095367, 0, 0, 
03:44 02-03, Random-9, 9-9-3, 12, 136, 9, 5662872, 6.38000011444, 1781680, 10.443999052, 1814960, 10.6820008755, 296265, 1.09699988365, 0, 0, 143.036000013, 1, 
03:47 02-03, Random-7, 7-7-3, 10, 120, 7, 1725780, 2.04200005531, 573696, 4.24199986458, 877440, 6.1890001297, 119719, 1.00099992752, 0, 0, 3.08700013161, 1, 
03:49 02-03, Random-10, 10-10-3, 13, 184, 10, 9352200, 10.1760001183, 2828224, 18.1030008793, 3549696, 22.6249990463, 410122, 3.6779999733, 0, 
03:50 02-03, Random-7, 7-7-3, 10, 160, 7, 1725780, 1.98399996758, 752800, 7.84800052643, 814256, 9.09699940681, 148263, 0.665999889374, 0, 0, 27.8800001144, 1, 
03:51 02-03, Random-7, 7-7-3, 9, 72, 7, 1553202, 1.71600008011, 443072, 2.49099969864, 526960, 2.96600031853, 95207, 0.683000087738, 0, 0, 38.6600000858, 1, 
03:52 02-03, Random-8, 8-8-3, 10, 80, 8, 2945280, 3.29999995232, 622080, 3.3820002079, 1043584, 5.59799981117, 161544, 0.514999866486, 0, 0, 
03:56 02-03, Random-4, 4-4-3, 7, 96, 4, 128352, 0.118999958038, 90880, 1.59000015259, 82656, 1.65299987793, 12228, 0.142999887466, 0, 0, 2.55599999428, 0, 
03:56 02-03, Random-4, 4-4-3, 8, 104, 5, 146688, 0.108999967575, 117504, 1.90100121498, 110240, 2.0259988308, 20421, 0.257999897003, 0, 0, 2.94400000572, 0, 
03:56 02-03, Random-4, 4-4-3, 9, 112, 6, 165024, 0.132999897003, 147200, 2.34899997711, 142464, 2.33000016212, 27526, 0.40700006485, 0, 0, 12.8789999485, 0, 
03:57 02-03, Random-4, 4-4-3, 7, 56, 4, 128352, 0.126999855042, 79872, 0.679999828339, 120192, 0.97400021553, 8452, 0.100999832153, 0, 0, 0.115000009537, 1, 
03:57 02-03, Random-8, 8-8-3, 10, 120, 8, 2945280, 3.33300018311, 893056, 5.53100037575, 1019008, 6.22799944878, 180232, 0.71799993515, 0, 0, 
04:01 02-03, Random-7, 7-7-3, 11, 168, 7, 1898358, 2.09399986267, 800384, 7.80499911308, 1214016, 11.1170008183, 140295, 0.921000003815, 0, 0, 139.205999851, 1, 
04:03 02-03, Random-7, 7-7-3, 9, 72, 7, 1553202, 1.7349998951, 443072, 2.53400015831, 618688, 3.53399991989, 71687, 0.601000070572, 0, 0, 29.4279999733, 0, 
04:04 02-03, Random-7, 7-7-3, 10, 80, 8, 1725780, 1.56399989128, 545328, 3.32499933243, 758240, 4.2670006752, 94536, 0.30999994278, 0, 0, 25.8380000591, 0, 
04:05 02-03, Random-7, 7-7-3, 11, 88, 9, 1898358, 1.75099992752, 658000, 3.73600101471, 911120, 5.12899899483, 118505, 0.393000125885, 0, 0, 45.5390000343, 0, 
04:06 02-03, Random-4, 4-4-3, 6, 48, 4, 110016, 0.0780000686646, 69888, 0.599999904633, 68608, 0.56200003624, 7172, 0.0320000648499, 0, 0, 2.43399977684, 0, 
04:06 02-03, Random-4, 4-4-3, 7, 56, 5, 128352, 0.100000143051, 93440, 0.772000074387, 96896, 0.830999851227, 14085, 0.0639998912811, 0, 0, 20.753000021, 0, 
04:06 02-03, Random-4, 4-4-3, 8, 64, 6, 146688, 0.115000009537, 120064, 1.03499984741, 129280, 1.05200004578, 20998, 0.095999956131, 0, 0, 
04:11 02-03, Random-4, 4-4-3, 8, 64, 4, 146688, 0.128000020981, 103936, 0.863000392914, 124672, 1.02099967003, 19972, 0.0939998626709, 0, 0, 0.236999988556, 1, 
04:11 02-03, Random-8, 8-8-3, 10, 120, 8, 2945280, 3.33500003815, 990464, 6.87000060081, 983552, 7.25899934769, 180872, 0.841000080109, 0, 0, 15.5280001163, 0, 
04:11 02-03, Random-8, 8-8-3, 11, 128, 9, 3239808, 3.25999999046, 1169664, 7.99700021744, 1185984, 8.60299968719, 212617, 0.941999912262, 0, 0, 25.2019999027, 0, 
04:12 02-03, Random-8, 8-8-3, 12, 136, 10, 3534336, 3.14199995995, 1362688, 9.26199960709, 1409280, 10.1370000839, 239498, 1.03399991989, 0, 0, 
04:16 02-03, Random-9, 9-9-3, 12, 136, 9, 5662872, 6.40500020981, 1626752, 9.35999965668, 2179088, 12.3990001678, 237705, 0.87299990654, 0, 0, 
04:20 02-03, Random-5, 5-5-3, 8, 64, 5, 358800, 0.339999914169, 196480, 1.3170003891, 187120, 1.25999975204, 28165, 0.108999967575, 0, 0, 0.358000040054, 1, 
04:20 02-03, Random-10, 10-10-3, 13, 184, 10, 9352200, 10.2249999046, 2828224, 18.2060005665, 3375616, 21.9379994869, 537354, 4.10899996758, 0, 
04:22 02-03, Random-4, 4-4-3, 7, 96, 4, 128352, 0.121999979019, 78592, 1.47800040245, 92736, 1.7319996357, 17796, 0.365000009537, 0, 0, 3.69600009918, 0, 
04:22 02-03, Random-4, 4-4-3, 8, 104, 5, 146688, 0.115000009537, 102656, 1.92299962044, 122496, 2.26600027084, 24709, 0.475999832153, 0, 0, 6.63800001144, 0, 
04:22 02-03, Random-4, 4-4-3, 9, 112, 6, 165024, 0.12900018692, 129792, 2.19499897957, 155712, 2.66000103951, 32902, 0.441999912262, 0, 0, 42.4169998169, 0, 
04:23 02-03, Random-9, 9-9-3, 12, 176, 9, 5662872, 6.40499997139, 1923792, 13.0150005817, 2267760, 15.5279994011, 321769, 2.50500011444, 0, 0, 
04:27 02-03, Random-9, 9-9-3, 13, 184, 9, 6134778, 6.61800003052, 2204016, 14.4300005436, 2421152, 16.0889995098, 424585, 1.84500002861, 0, 0, 177.148000002, 1, 
04:31 02-03, Random-4, 4-4-3, 7, 96, 4, 128352, 0.119000196457, 64512, 1.66500020027, 116128, 2.47399973869, 13380, 0.200000047684, 0, 0, 1.84699988365, 0, 
04:31 02-03, Random-4, 4-4-3, 8, 104, 5, 146688, 0.109999895096, 86016, 1.9500002861, 149472, 2.90099978447, 20293, 0.236000061035, 0, 0, 5.97100019455, 0, 
04:31 02-03, Random-4, 4-4-3, 9, 112, 6, 165024, 0.129999876022, 110592, 2.3639986515, 186272, 3.30500149727, 28486, 0.276000022888, 0, 0, 17.0290000439, 0, 
04:32 02-03, Random-4, 4-4-3, 6, 48, 4, 110016, 0.0789999961853, 58880, 0.52399969101, 76672, 0.617000341415, 11524, 0.0520000457764, 0, 0, 0.101999998093, 1, 
04:34 02-03, Random-4, 4-4-3, 8, 64, 4, 146688, 0.128000020981, 103936, 0.86399936676, 131328, 1.07100057602, 17924, 0.0839998722076, 0, 0, 0.21799993515, 1, 
04:34 02-03, Random-8, 8-8-3, 11, 168, 8, 3239808, 3.50699996948, 1244416, 10.0490007401, 1605984, 13.1569993496, 147528, 0.552000045776, 0, 0, 
04:38 02-03, Random-9, 9-9-3, 12, 136, 9, 5662872, 6.37199997902, 1626752, 9.81700205803, 2169440, 12.9609978199, 304233, 0.993000030518, 0, 0, 27.8659999371, 1, 
04:41 02-03, Random-11, 11-11-3, 10, 120, 11, 10534260, 12.1449999809, 2042528, 11.3109998703, 1826368, 9.80400013924, 845323, 3.16999983788, 0, 0, 
04:45 02-03, Random-3, 3-3-3, 6, 48, 3, 34668, 0.0440001487732, 23760, 0.309000015259, 36288, 0.444000005722, 8067, 0.050999879837, 0, 0, 0.0750000476837, 1, 
04:45 02-03, Random-8, 8-8-3, 11, 88, 8, 3239808, 3.49399995804, 872960, 4.6819999218, 1248640, 6.67000007629, 128264, 0.401000022888, 0, 0, 18.0850000381, 1, 
04:45 02-03, Random-6, 6-6-3, 10, 160, 6, 930960, 1.04600000381, 552064, 6.42800140381, 520832, 7.0309984684, 83590, 0.918999910355, 0, 0, 16.9820001125, 1, 
04:46 02-03, Random-7, 7-7-3, 10, 120, 7, 1725780, 2.04100012779, 724384, 5.23900008202, 697808, 5.16099977493, 110759, 0.424000024796, 0, 0, 8.49700021744, 1, 
04:47 02-03, Random-6, 6-6-3, 9, 72, 6, 837864, 0.961000204086, 318720, 1.95800018311, 449856, 2.72199964523, 48006, 0.413000106812, 0, 0, 91.7839999199, 0, 
04:48 02-03, Random-6, 6-6-3, 10, 80, 7, 930960, 0.944000005722, 392256, 2.42399978638, 548928, 3.35800004005, 67975, 0.240999937057, 0, 0, 
04:51 02-03, Random-4, 4-4-3, 8, 64, 4, 146688, 0.128999948502, 120064, 0.981000423431, 133632, 1.07399940491, 12292, 0.055999994278, 0, 0, 0.174999952316, 1, 
04:51 02-03, Random-3, 3-3-3, 5, 80, 3, 28890, 0.0339999198914, 11808, 0.999000310898, 14608, 1.22599959373, 7587, 0.205999851227, 0, 0, 0.0249998569489, 0, 
04:51 02-03, Random-3, 3-3-3, 6, 88, 4, 34668, 0.0209999084473, 18720, 0.96399974823, 22560, 1.08000016212, 11812, 0.246999979019, 0, 0, 0.0360000133514, 0, 
04:51 02-03, Random-3, 3-3-3, 7, 96, 5, 40446, 0.0249998569489, 27216, 1.28399968147, 33264, 1.39900040627, 14757, 0.385999917984, 0, 0, 0.0469999313354, 0, 
04:51 02-03, Random-9, 9-9-3, 13, 144, 9, 6134778, 6.60400009155, 1880336, 11.4209997654, 2505632, 15.2080001831, 244329, 0.792000055313, 0, 0, 34.7599999905, 1, 
04:53 02-03, Random-8, 8-8-3, 10, 120, 8, 2945280, 3.32299995422, 787968, 5.97299933434, 1141376, 8.55100059509, 177672, 0.707000017166, 0, 0, 
04:57 02-03, Random-7, 7-7-3, 12, 136, 7, 2070936, 2.19200015068, 911040, 7.1159992218, 1160048, 9.07400083542, 145127, 0.896000146866, 0, 0, 3.64499998093, 1, 
04:57 02-03, Random-3, 3-3-3, 6, 48, 3, 34668, 0.0380001068115, 23760, 0.299000263214, 50112, 0.561999559402, 4611, 0.029000043869, 0, 0, 0.0479998588562, 1, 
04:58 02-03, Random-5, 5-5-3, 8, 144, 5, 358800, 0.345999956131, 170640, 3.81899952888, 287696, 5.59400033951, 26277, 0.289000034332, 0, 0, 5.65100002289, 0, 
04:58 02-03, Random-5, 5-5-3, 9, 152, 6, 403650, 0.400000095367, 215856, 4.56200003624, 354992, 6.34299993515, 41254, 0.412999868393, 0, 0, 17.4919998646, 0, 
04:59 02-03, Random-5, 5-5-3, 10, 160, 7, 448500, 0.37700009346, 266112, 5.06599974632, 429456, 7.23900008202, 55335, 0.786999940872, 0, 0, 40.5899999142, 0, 
05:00 02-03, Random-5, 5-5-3, 7, 56, 5, 313950, 0.317000150681, 105840, 0.745999097824, 194880, 1.30700087547, 36485, 0.246999979019, 0, 0, 1.875, 1, 
05:00 02-03, Random-7, 7-7-3, 10, 160, 7, 1725780, 1.99699997902, 752800, 7.21099948883, 769984, 7.71600055695, 181511, 1.76300001144, 0, 0, 
05:04 02-03, Random-4, 4-4-3, 7, 96, 4, 128352, 0.118000030518, 78592, 1.91200065613, 78464, 2.13299942017, 17156, 0.237999916077, 0, 0, 6.59899997711, 0, 
05:04 02-03, Random-4, 4-4-3, 8, 104, 5, 146688, 0.115999937057, 102656, 2.40199923515, 103488, 2.67000079155, 25349, 0.344999790192, 0, 0, 12.6399998665, 0, 
05:04 02-03, Random-4, 4-4-3, 9, 112, 6, 165024, 0.130000114441, 129792, 2.83699989319, 133120, 3.19500017166, 32518, 0.3109998703, 0, 0, 18.4830000401, 0, 
05:05 02-03, Random-6, 6-6-3, 10, 160, 6, 930960, 1.02999997139, 552064, 7.20299983025, 427264, 6.66600036621, 114566, 0.65499997139, 0, 0, 186.385999918, 1, 
05:08 02-03, Random-10, 10-10-3, 13, 144, 10, 9352200, 10.2630000114, 2594560, 14.446999073, 2680704, 15.1070010662, 417674, 1.41299986839, 0, 
05:10 02-03, Random-6, 6-6-3, 8, 64, 6, 744768, 0.792999982834, 252672, 1.53499960899, 308928, 1.87300038338, 71046, 0.253000020981, 0, 0, 0.772000074387, 1, 
05:10 02-03, Random-7, 7-7-3, 10, 120, 7, 1725780, 2.03600001335, 573696, 4.99200177193, 977232, 8.03899812698, 98215, 0.84099984169, 0, 0, 74.6440000534, 0, 
05:12 02-03, Random-7, 7-7-3, 11, 128, 8, 1898358, 1.78699994087, 689520, 5.74699997902, 1152224, 9.15600013733, 125992, 0.474999904633, 0, 0, 56.9580001831, 0, 
05:13 02-03, Random-7, 7-7-3, 12, 136, 9, 2070936, 1.99800014496, 815760, 6.64900040627, 1343008, 10.4609994888, 149961, 0.552999973297, 0, 0, 
05:14 02-03, Random-10, 10-10-3, 12, 176, 10, 8632800, 9.80900001526, 2676672, 17.3809998035, 2604800, 17.2390003204, 433034, 2.44600009918, 0, 0, 59.7019999027, 1, 
05:16 02-03, Random-3, 3-3-3, 6, 48, 3, 34668, 0.0369999408722, 23760, 0.299000263214, 47904, 0.535999774933, 5571, 0.0339999198914, 0, 0, 0.0680000782013, 1, 
05:16 02-03, Random-6, 6-6-3, 9, 112, 6, 837864, 0.996999979019, 369536, 3.53200006485, 449664, 4.34400010109, 72198, 0.338999986649, 0, 0, 
05:20 02-03, Random-8, 8-8-3, 11, 128, 8, 3239808, 3.4279999733, 1060992, 7.41399979591, 1252096, 8.5070002079, 225032, 1.05999994278, 0, 0, 6.7009999752, 1, 
05:21 02-03, Random-3, 3-3-3, 5, 40, 3, 28890, 0.0360000133514, 15840, 0.201999902725, 33600, 0.378000020981, 3843, 0.0239999294281, 0, 0, 0.0610001087189, 1, 
05:21 02-03, Random-4, 4-4-3, 5, 80, 4, 91680, 0.0759999752045, 30720, 0.868000030518, 46272, 0.963000059128, 14596, 0.196000099182, 0, 0, 4.22199988365, 0, 
05:21 02-03, Random-4, 4-4-3, 6, 88, 5, 110016, 0.0920000076294, 46080, 1.10599994659, 67328, 1.24499988556, 21509, 0.219000101089, 0, 0, 8.35400009155, 0, 
05:21 02-03, Random-4, 4-4-3, 7, 96, 6, 128352, 0.109000205994, 64512, 1.48799967766, 91840, 1.73400020599, 29702, 0.262000083923, 0, 0, 14.2149999142, 0, 
05:21 02-03, Random-9, 9-9-3, 13, 184, 9, 6134778, 6.69499993324, 2204016, 14.4750006199, 2816048, 18.4959993362, 254313, 0.860000133514, 0, 0, 125.184000015, 1, 
05:27 02-03, Random-8, 8-8-3, 12, 136, 8, 3534336, 4.04399991035, 1242752, 8.0210018158, 1730496, 11.0929982662, 138760, 0.490999937057, 0, 0, 180.180000067, 0, 
05:32 02-03, Random-6, 6-6-3, 9, 112, 6, 837864, 0.973000049591, 320256, 2.64800024033, 460544, 3.57299971581, 82950, 0.56500005722, 0, 0, 20.123000145, 1, 
05:32 02-03, Random-8, 8-8-3, 12, 136, 8, 3534336, 4.07299995422, 1242752, 7.74500012398, 1726144, 10.5230000019, 147464, 0.618999958038, 0, 0, 4.4240000248, 1, 
05:33 02-03, Random-5, 5-5-3, 9, 152, 5, 403650, 0.44000005722, 247440, 4.33899950981, 264352, 4.6920003891, 44293, 0.598999977112, 0, 0, 15.6370000839, 0, 
05:33 02-03, Random-5, 5-5-3, 10, 160, 6, 448500, 0.448999881744, 301856, 5.02299904823, 325376, 5.50500106812, 57734, 0.663000106812, 0, 0, 12.0089998245, 0, 
05:34 02-03, Random-5, 5-5-3, 11, 168, 7, 493350, 0.411999940872, 361312, 5.7200012207, 394240, 6.19899868965, 68935, 0.894999980927, 0, 0, 14.2049999237, 0, 
05:34 02-03, Random-7, 7-7-3, 12, 176, 7, 2070936, 2.24099993706, 1126320, 10.0779995918, 1212352, 10.7970004082, 153703, 0.947000026703, 0, 0, 5.57399988174, 1, 
05:35 02-03, Random-7, 7-7-3, 11, 88, 7, 1898358, 2.08399987221, 572880, 3.29200077057, 988960, 5.58899903297, 107975, 0.357000112534, 0, 0, 11.7430000305, 1, 
05:36 02-03, Random-11, 11-11-3, 11, 128, 11, 11587686, 12.7250001431, 2186208, 12.2350003719, 2513040, 14.2219994068, 625035, 2.26999998093, 0, 
05:37 02-03, Random-3, 3-3-3, 6, 48, 3, 34668, 0.0369999408722, 36240, 0.405999898911, 29184, 0.328999996185, 6243, 0.0389997959137, 0, 0, 0.0600001811981, 1, 
05:39 02-03, Random-4, 4-4-3, 8, 104, 4, 146688, 0.128000020981, 86016, 1.72100019455, 165312, 2.7429997921, 11012, 0.207999944687, 0, 0, 1.62700009346, 0, 
05:39 02-03, Random-4, 4-4-3, 9, 112, 5, 165024, 0.123999834061, 110592, 2.15599918365, 205632, 3.19400072098, 18309, 0.371000051498, 0, 0, 14.1080000401, 0, 
05:39 02-03, Random-4, 4-4-3, 10, 120, 6, 183360, 0.143000125885, 138240, 2.4980006218, 250240, 3.68099951744, 25222, 0.404000043869, 0, 0, 26.5900001526, 0, 
05:40 02-03, Random-10, 10-10-3, 13, 184, 10, 9352200, 10.2589998245, 2594240, 17.6549999714, 3688512, 24.6759998798, 471690, 4.00900006294, 0, 
05:41 02-03, Random-8, 8-8-3, 15, 160, 8, 4417920, 5.02799987793, 1870976, 11.4679992199, 2602816, 15.6370005608, 201608, 0.732000112534, 0, 0, 15.8740000725, 1, 
05:42 02-03, Random-4, 4-4-3, 6, 88, 4, 110016, 0.0780000686646, 46080, 1.22699999809, 62176, 1.57899999619, 24004, 0.216000080109, 0, 0, 26.2599999905, 0, 
05:43 02-03, Random-4, 4-4-3, 7, 96, 5, 128352, 0.108000040054, 64512, 1.62900042534, 85664, 2.10299944878, 32197, 0.191999912262, 0, 0, 10.0769999027, 0, 
05:43 02-03, Random-4, 4-4-3, 8, 104, 6, 146688, 0.115999937057, 86016, 1.82300019264, 113248, 2.46599984169, 40390, 0.304000139236, 0, 0, 20.5970001221, 0, 
05:43 02-03, Random-7, 7-7-3, 8, 104, 7, 1380624, 1.62800002098, 373296, 3.06700062752, 565680, 4.22999954224, 132263, 0.52799987793, 0, 0, 
05:47 02-03, Random-9, 9-9-3, 14, 152, 9, 6606684, 7.69799995422, 2335360, 13.6910011768, 2964096, 17.4189989567, 173577, 0.613000154495, 0, 0, 56.8440001011, 1, 
05:49 02-03, Random-4, 4-4-3, 6, 48, 4, 110016, 0.0770001411438, 69888, 0.562999486923, 63424, 0.542000293732, 9348, 0.0419998168945, 0, 0, 0.0920000076294, 1, 
05:49 02-03, Random-3, 3-3-3, 5, 80, 3, 28890, 0.0350000858307, 11808, 0.884999990463, 20816, 1.26699995995, 4227, 0.0919997692108, 0, 0, 0.0209999084473, 0, 
05:49 02-03, Random-3, 3-3-3, 6, 88, 4, 34668, 0.0210001468658, 18720, 0.863000392914, 30496, 1.11999964714, 8452, 0.121000051498, 0, 0, 0.0320000648499, 0, 
05:49 02-03, Random-3, 3-3-3, 7, 96, 5, 40446, 0.0230000019073, 27216, 1.09299993515, 42928, 1.33100008965, 11397, 0.231999874115, 0, 0, 0.0450000762939, 0, 
05:49 02-03, Random-9, 9-9-3, 13, 144, 9, 6134778, 6.64900016785, 2049664, 11.6439986229, 2383184, 13.4830012321, 238281, 0.779000043869, 0, 0, 
05:53 02-03, Random-7, 7-7-3, 11, 168, 7, 1898358, 2.10300016403, 888800, 8.98099994659, 1079632, 11.0810000896, 164327, 0.87700009346, 0, 0, 30.9639999866, 1, 
05:54 02-03, Random-9, 9-9-3, 13, 144, 9, 6134778, 6.6899998188, 2049664, 12.7809994221, 2571472, 16.1410007477, 169161, 0.667999982834, 0, 0, 
05:58 02-03, Random-4, 4-4-3, 6, 48, 4, 110016, 0.0869998931885, 46080, 0.401000022888, 70656, 0.621000051498, 20484, 0.144000053406, 0, 0, 22.7960000038, 0, 
05:59 02-03, Random-4, 4-4-3, 7, 56, 5, 128352, 0.104000091553, 64512, 0.574000358582, 95232, 0.843999624252, 28677, 0.137000083923, 0, 0, 36.4639999866, 0, 
05:59 02-03, Random-4, 4-4-3, 8, 64, 6, 146688, 0.115999937057, 86016, 0.760999679565, 123904, 1.09100031853, 36870, 0.246000051498, 0, 0, 44.1199998856, 0, 
06:00 02-03, Random-4, 4-4-3, 5, 80, 4, 91680, 0.0769999027252, 30720, 1.1299996376, 57312, 1.61800026894, 9028, 0.19000005722, 0, 0, 0.868999958038, 0, 
06:00 02-03, Random-4, 4-4-3, 6, 88, 5, 110016, 0.0889999866486, 46080, 1.43400001526, 83392, 1.90599989891, 16133, 0.413000106812, 0, 0, 6.27999997139, 0, 
06:00 02-03, Random-4, 4-4-3, 7, 96, 6, 128352, 0.107000112534, 64512, 1.66800022125, 113984, 2.28099966049, 22406, 0.451999902725, 0, 0, 8.51300001144, 0, 
06:01 02-03, Random-9, 9-9-3, 12, 96, 9, 5662872, 6.43400001526, 1327392, 6.94000101089, 1940544, 10.1099991798, 215433, 0.664000034332, 0, 0, 35.0850000381, 1, 
06:02 02-03, Random-9, 9-9-3, 11, 128, 9, 5190966, 6.09400010109, 1390880, 8.03299999237, 1779296, 10.0209999084, 326185, 1.55999994278, 0, 0, 38.757999897, 1, 
06:03 02-03, Random-8, 8-8-3, 12, 136, 8, 3534336, 4.07999992371, 1242752, 8.38099980354, 1533504, 9.98500013351, 273160, 2.15599989891, 0, 0, 16.7950000763, 1, 
06:04 02-03, Random-6, 6-6-3, 11, 128, 6, 1024056, 1.1210000515, 536768, 5.125, 718080, 6.5680000782, 63750, 0.309000015259, 0, 0, 1.47399997711, 1, 
06:04 02-03, Random-5, 5-5-3, 7, 56, 5, 313950, 0.319000005722, 130800, 0.901999950409, 170960, 1.16000008583, 24805, 0.197999954224, 0, 0, 1.68400001526, 1, 
06:04 02-03, Random-10, 10-10-3, 12, 136, 10, 8632800, 9.8599998951, 2257472, 13.6449992657, 2594368, 15.7590007782, 350218, 1.18799996376, 0, 0, 
06:08 02-03, Random-4, 4-4-3, 7, 56, 4, 128352, 0.138999938965, 79872, 0.676000118256, 92288, 0.760999917984, 20228, 0.0960001945496, 0, 0, 1.27999997139, 1, 
06:08 02-03, Random-3, 3-3-3, 5, 120, 3, 28890, 0.0349998474121, 8272, 2.25399947166, 13120, 2.07900047302, 2947, 1.18799996376, 0, 0, 0.0220000743866, 0, 
06:09 02-03, Random-3, 3-3-3, 6, 128, 4, 34668, 0.0209999084473, 14176, 2.23300027847, 20864, 1.83699989319, 6596, 1.21499991417, 0, 0, 0.0590000152588, 0, 
06:09 02-03, Random-3, 3-3-3, 7, 136, 5, 40446, 0.0230000019073, 21664, 2.625, 30432, 2.33399987221, 10821, 1.22699999809, 0, 0, 0.0499999523163, 0, 
06:09 02-03, Random-6, 6-6-3, 10, 120, 6, 930960, 1.04700016975, 449408, 3.65700030327, 589312, 4.5499997139, 74502, 0.452999830246, 0, 0, 1.65100002289, 1, 
06:09 02-03, Random-8, 8-8-3, 11, 128, 8, 3239808, 3.47899985313, 1060992, 6.84499955177, 1280896, 8.32300066948, 167432, 0.576000213623, 0, 0, 17.7250001431, 1, 
06:10 02-03, Random-5, 5-5-3, 10, 120, 5, 448500, 0.462999820709, 285424, 3.167999506, 401104, 4.13200068474, 28069, 0.164999961853, 0, 0, 6.12199997902, 1, 
06:10 02-03, Random-3, 3-3-3, 6, 48, 3, 34668, 0.0450000762939, 30480, 0.360999584198, 39744, 0.44300031662, 5571, 0.0340001583099, 0, 0, 0.0490000247955, 1, 
06:10 02-03, Random-10, 10-10-3, 12, 176, 10, 8632800, 9.86100006104, 2256704, 15.047999382, 3450752, 22.5480005741, 301578, 1.09800004959, 0, 
06:11 02-03, Random-10, 10-10-3, 14, 152, 10, 10071600, 10.5969998837, 2723456, 16.221000433, 3709440, 22.0539996624, 381962, 1.34400010109, 0, 
06:13 02-03, Random-4, 4-4-3, 8, 104, 4, 146688, 0.126999855042, 86016, 2.04500007629, 155616, 3.1740000248, 14788, 0.157999992371, 0, 0, 2.22699999809, 0, 
06:14 02-03, Random-4, 4-4-3, 9, 112, 5, 165024, 0.12700009346, 110592, 2.49499964714, 193440, 3.84000039101, 22981, 0.198999881744, 0, 0, 3.34500002861, 0, 
06:14 02-03, Random-4, 4-4-3, 10, 120, 6, 183360, 0.143000125885, 138240, 2.90200042725, 235360, 4.2969994545, 31174, 0.338999986649, 0, 0, 5.34800004959, 0, 
06:14 02-03, Random-10, 10-10-3, 14, 152, 10, 10071600, 10.6619999409, 2481024, 14.1410014629, 4041824, 22.6129982471, 373578, 1.15700006485, 0, 
06:15 02-03, Random-4, 4-4-3, 8, 104, 4, 146688, 0.129999876022, 102656, 1.8930003643, 137344, 2.36599969864, 12676, 0.162999868393, 0, 0, 4.10199999809, 0, 
06:15 02-03, Random-4, 4-4-3, 9, 112, 5, 165024, 0.128999948502, 129792, 2.27399945259, 173120, 2.72700047493, 19845, 0.195999860764, 0, 0, 6.3789999485, 0, 
06:15 02-03, Random-4, 4-4-3, 10, 120, 6, 183360, 0.143000125885, 160000, 2.63100004196, 213120, 3.16699981689, 26758, 0.333999872208, 0, 0, 9.89700007439, 0, 
06:16 02-03, Random-3, 3-3-3, 5, 40, 3, 28890, 0.0420000553131, 21216, 0.252999782562, 21840, 0.245000123978, 6819, 0.0720000267029, 0, 0, 0.0450000762939, 1, 
06:16 02-03, Random-7, 7-7-3, 10, 120, 7, 1725780, 2.06299996376, 573696, 4.89399933815, 926528, 7.60700082779, 116103, 0.93700003624, 0, 0, 11.5709998608, 1, 
06:17 02-03, Random-6, 6-6-3, 11, 168, 6, 1024056, 1.06399989128, 594432, 6.49000120163, 700096, 7.45599889755, 75654, 0.46799993515, 0, 0, 
06:21 02-03, Random-7, 7-7-3, 11, 168, 7, 1898358, 2.08899998665, 888800, 8.5210006237, 1081312, 10.6169993877, 133991, 0.587000131607, 0, 0, 4.97799992561, 1, 
06:22 02-03, Random-8, 8-8-3, 12, 176, 8, 3534336, 4.06700015068, 1444608, 11.4580006599, 1903488, 15.1259989738, 179208, 0.953000068665, 0, 0, 
06:26 02-03, Random-5, 5-5-3, 8, 104, 5, 358800, 0.339999914169, 158256, 1.72299981117, 240032, 2.33600020409, 34789, 0.316999912262, 0, 0, 1.57999992371, 1, 
06:26 02-03, Random-8, 8-8-3, 12, 96, 8, 3534336, 4.09200000763, 1036288, 5.60400032997, 1595136, 8.53599953651, 128520, 0.405999898911, 0, 0, 5.15000009537, 1, 
06:26 02-03, Random-9, 9-9-3, 12, 176, 9, 5662872, 6.44899988174, 1923792, 13.5100002289, 2491200, 17.382999897, 235785, 2.29400014877, 0, 0, 
06:30 02-03, Random-9, 9-9-3, 12, 136, 9, 5662872, 6.38999986649, 1626752, 10.3919985294, 2187440, 13.9040014744, 221001, 0.829999923706, 0, 0, 
06:34 02-03, Random-6, 6-6-3, 11, 128, 6, 1024056, 1.07100009918, 536768, 5.47500038147, 716736, 7.11599969864, 66438, 0.319999933243, 0, 0, 2.45199990273, 1, 
06:35 02-03, Random-9, 9-9-3, 14, 152, 9, 6606684, 7.74300003052, 2151632, 12.5809996128, 2882464, 16.7190003395, 246921, 0.901999950409, 0, 0, 38.1630001068, 1, 
06:37 02-03, Random-10, 10-10-3, 12, 136, 10, 8632800, 9.80200004578, 2257472, 12.6629981995, 2325312, 13.1090016365, 442378, 1.53600001335, 0, 0, 
06:41 02-03, Random-4, 4-4-3, 7, 56, 4, 128352, 0.136000156403, 79872, 0.667000055313, 93312, 0.767999887466, 18180, 0.085000038147, 0, 0, 0.246999979019, 1, 
06:41 02-03, Random-5, 5-5-3, 9, 152, 5, 403650, 0.434000015259, 215856, 3.87499976158, 280512, 4.82200026512, 48133, 0.43799996376, 0, 0, 23.6240000725, 0, 
06:42 02-03, Random-5, 5-5-3, 10, 160, 6, 448500, 0.460999965668, 266112, 4.48700046539, 343376, 5.59899950027, 59814, 0.483000040054, 0, 0, 23.6710000038, 0, 
06:42 02-03, Random-5, 5-5-3, 11, 168, 7, 493350, 0.417000055313, 321408, 5.19299912453, 412080, 6.31200098991, 73255, 0.739000082016, 0, 0, 47.5020000935, 0, 
06:43 02-03, Random-10, 10-10-3, 13, 104, 10, 9352200, 10.3059999943, 1937280, 9.90000009537, 2957440, 15.0539999008, 295690, 0.900000095367, 0, 0, 
06:48 02-03, Random-7, 7-7-3, 11, 128, 7, 1898358, 2.09400010109, 857232, 5.72500014305, 975104, 6.40999984741, 112551, 0.637000083923, 0, 0, 4.31700015068, 1, 
06:48 02-03, Random-9, 9-9-3, 12, 136, 9, 5662872, 6.42700004578, 1626752, 9.89399838448, 2052688, 12.3270015717, 244905, 0.802999973297, 0, 0, 
06:52 02-03, Random-3, 3-3-3, 4, 32, 3, 23112, 0.0310001373291, 13536, 0.15499997139, 8064, 0.0950000286102, 7491, 0.0490000247955, 0, 0, 0.71799993515, 0, 
06:52 02-03, Random-3, 3-3-3, 5, 40, 4, 28890, 0.018000125885, 21216, 0.250999927521, 14448, 0.176000118256, 11236, 0.0759999752045, 0, 0, 9.8109998703, 0, 
06:52 02-03, Random-3, 3-3-3, 6, 48, 5, 34668, 0.0220000743866, 30480, 0.371999502182, 22944, 0.286000490189, 14981, 0.100000143051, 0, 0, 0.0759999752045, 1, 
06:52 02-03, Random-5, 5-5-3, 9, 72, 5, 403650, 0.441999912262, 214720, 1.48899936676, 314240, 2.1460006237, 25605, 0.0989999771118, 0, 0, 0.374000072479, 1, 
06:52 02-03, Random-3, 3-3-3, 6, 48, 3, 34668, 0.0390000343323, 36240, 0.414999961853, 29136, 0.332000017166, 6339, 0.0410001277924, 0, 0, 0.0520000457764, 1, 
06:53 02-03, Random-5, 5-5-3, 9, 152, 5, 403650, 0.430000066757, 247440, 5.33900022507, 265040, 6.29299974442, 42917, 0.302999973297, 0, 0, 21.878000021, 0, 
06:54 02-03, Random-5, 5-5-3, 10, 160, 6, 448500, 0.455999851227, 301856, 6.12199950218, 326064, 7.28800058365, 56358, 0.353999853134, 0, 0, 111.667999983, 0, 
06:56 02-03, Random-5, 5-5-3, 11, 168, 7, 493350, 0.406999826431, 361312, 6.90999960899, 394688, 8.13800048828, 68039, 0.605000019073, 0, 0, 38.9349999428, 0, 
06:57 02-03, Random-9, 9-9-3, 13, 184, 9, 6134778, 6.70399999619, 2379664, 16.7810003757, 2476256, 17.3129997253, 331497, 2.24900007248, 0, 0, 134.538000107, 1, 
07:00 02-03, Random-6, 6-6-3, 8, 104, 6, 744768, 0.837999820709, 254016, 2.71599984169, 395648, 3.71200037003, 87814, 0.517999887466, 0, 0, 0.612999916077, 1, 
07:00 02-03, Random-5, 5-5-3, 8, 144, 5, 358800, 0.360000133514, 198064, 4.63799953461, 216032, 5.48700046539, 37573, 0.704999923706, 0, 0, 6.46999979019, 0, 
07:00 02-03, Random-5, 5-5-3, 9, 152, 6, 403650, 0.40099978447, 247440, 5.33800029755, 273056, 6.40999984741, 48774, 0.614000082016, 0, 0, 5.78499984741, 0, 
07:01 02-03, Random-5, 5-5-3, 10, 160, 7, 448500, 0.465000152588, 301856, 6.08900022507, 336560, 7.37699961662, 60455, 0.657999992371, 0, 0, 13.8919999599, 0, 
07:01 02-03, Random-4, 4-4-3, 8, 104, 4, 146688, 0.12900018692, 102656, 2.31900048256, 99008, 2.45699954033, 21380, 0.381999969482, 0, 0, 5.79299998283, 0, 
07:01 02-03, Random-4, 4-4-3, 9, 112, 5, 165024, 0.12700009346, 129792, 2.77799963951, 127104, 3.04000020027, 29573, 0.430000066757, 0, 0, 6.88599991798, 0, 
07:02 02-03, Random-4, 4-4-3, 10, 120, 6, 183360, 0.144000053406, 160000, 3.23400068283, 159296, 3.61899924278, 37766, 0.559000015259, 0, 0, 14.5559999943, 0, 
07:02 02-03, Random-7, 7-7-3, 12, 136, 7, 2070936, 2.28699994087, 911040, 6.68100214005, 1273344, 9.52799773216, 113671, 0.642000198364, 0, 0, 6.89599990845, 1, 
07:03 02-03, Random-6, 6-6-3, 11, 168, 6, 1024056, 1.07000017166, 651904, 6.83599972725, 628288, 6.92000007629, 79110, 0.480999946594, 0, 0, 53.8209998608, 1, 
07:04 02-03, Random-10, 10-10-3, 12, 176, 10, 8632800, 9.89299988747, 2472768, 16.8720002174, 2975456, 19.6599998474, 467786, 2.92600011826, 0, 
07:08 02-03, Random-8, 8-8-3, 10, 160, 8, 2945280, 3.29099988937, 1058048, 9.54700112343, 1088672, 10.5749988556, 247496, 1.90499997139, 0, 0, 44.1440000534, 1, 
07:09 02-03, Random-5, 5-5-3, 9, 72, 5, 403650, 0.434000015259, 214720, 1.51200079918, 313200, 2.1729991436, 27685, 0.108999967575, 0, 0, 0.463999986649, 1, 
07:09 02-03, Random-10, 10-10-3, 13, 184, 10, 9352200, 10.3080000877, 3050048, 19.5569996834, 3534144, 23.1660001278, 332042, 1.13800001144, 0, 
07:10 02-03, Random-7, 7-7-3, 11, 128, 7, 1898358, 2.08899998665, 776288, 5.57699990273, 1042272, 7.39800024033, 108263, 0.43700003624, 0, 0, 7.17199993134, 1, 
07:11 02-03, Random-6, 6-6-3, 11, 128, 6, 1024056, 1.0759999752, 536768, 5.484998703, 789856, 7.63000130653, 48966, 0.262000083923, 0, 0, 2.27199983597, 1, 
07:11 02-03, Random-8, 8-8-3, 10, 80, 8, 2945280, 3.33499979973, 723456, 3.91199946404, 1069568, 5.76000070572, 111624, 0.357000112534, 0, 0, 
07:15 02-03, Random-6, 6-6-3, 11, 128, 6, 1024056, 1.0640001297, 594112, 4.7480006218, 668800, 5.1799993515, 57222, 0.282999992371, 0, 0, 1.88100004196, 1, 
07:15 02-03, Random-9, 9-9-3, 13, 184, 9, 6134778, 6.66100001335, 2204016, 16.1160008907, 2495264, 18.6389989853, 405257, 1.77800011635, 0, 0, 
07:19 02-03, Random-9, 9-9-3, 12, 176, 9, 5662872, 6.39800000191, 2085040, 14.3009996414, 2061120, 15.0570003986, 342313, 2.97300004959, 0, 0, 185.226999998, 0, 
07:23 02-03, Random-5, 5-5-3, 9, 72, 5, 403650, 0.431999921799, 214720, 1.48399925232, 308560, 2.09200072289, 27365, 0.105999946594, 0, 0, 0.37700009346, 1, 
07:23 02-03, Random-10, 10-10-3, 14, 152, 10, 10071600, 10.646999836, 2953728, 16.1980006695, 3630016, 19.8419992924, 312074, 1.09399986267, 0, 
07:24 02-03, Random-9, 9-9-3, 14, 152, 9, 6606684, 7.69299983978, 2335360, 13.5630013943, 2893104, 16.8149988651, 173289, 0.613000154495, 0, 0, 19.4960000515, 1, 
07:25 02-03, Random-8, 8-8-3, 14, 192, 8, 4123392, 4.3710000515, 1886464, 14.7479996681, 2508992, 18.701000452, 162440, 0.582999944687, 0, 0, 7.29199981689, 1, 
07:26 02-03, Random-3, 3-3-3, 5, 40, 3, 28890, 0.0350000858307, 15840, 0.203000068665, 30576, 0.352999925613, 5283, 0.0329999923706, 0, 0, 0.0410001277924, 1, 
07:26 02-03, Random-5, 5-5-3, 7, 56, 5, 313950, 0.346999883652, 152880, 1.03000044823, 133040, 0.902999639511, 26885, 0.104000091553, 0, 0, 19.6730000973, 0, 
07:27 02-03, Random-5, 5-5-3, 8, 64, 6, 358800, 0.358999967575, 196480, 1.34499979019, 176240, 1.22000002861, 40326, 0.27799987793, 0, 0, 22.8429999352, 0, 
07:27 02-03, Random-5, 5-5-3, 9, 72, 7, 403650, 0.394999980927, 245120, 1.69000053406, 226160, 1.57099962234, 53767, 0.213000059128, 0, 0, 44.125, 0, 
07:28 02-03, Random-5, 5-5-3, 8, 104, 5, 358800, 0.356000185013, 158256, 1.7519993782, 280016, 2.69800043106, 26533, 0.140000104904, 0, 0, 0.848000049591, 1, 
07:28 02-03, Random-8, 8-8-3, 13, 184, 8, 3828864, 4.24100017548, 1516032, 12.2410013676, 2251648, 17.7589986324, 218120, 0.84099984169, 0, 0, 7.08199977875, 1, 
07:29 02-03, Random-7, 7-7-3, 11, 168, 7, 1898358, 2.08499979973, 800384, 8.16600131989, 1201248, 10.8119986057, 113671, 1.64499998093, 0, 0, 2.37000012398, 1, 
07:30 02-03, Random-10, 10-10-3, 11, 168, 10, 7913400, 8.43300008774, 2139392, 13.5279994011, 2132544, 13.9210007191, 607370, 4.19600009918, 0, 0, 
07:34 02-03, Random-6, 6-6-3, 9, 112, 6, 837864, 0.97200012207, 369536, 3.28799915314, 396672, 3.59400081635, 97798, 0.832999944687, 0, 0, 1.6400001049, 1, 
07:34 02-03, Random-9, 9-9-3, 13, 144, 9, 6134778, 6.69099998474, 1880336, 12.0060005188, 2522416, 15.9259996414, 319273, 1.45200014114, 0, 0, 
07:38 02-03, Random-5, 5-5-3, 10, 160, 5, 448500, 0.47200012207, 334720, 5.70099973679, 305184, 5.93000030518, 42917, 0.355000019073, 0, 0, 18.5749998093, 0, 
07:39 02-03, Random-5, 5-5-3, 11, 168, 6, 493350, 0.407999992371, 398336, 6.69000101089, 369600, 6.75999903679, 57894, 0.615999937057, 0, 0, 20.5920000076, 0, 
07:39 02-03, Random-5, 5-5-3, 12, 176, 7, 538200, 0.469999790192, 466992, 7.24200034142, 442384, 7.42299962044, 69575, 0.660000085831, 0, 0, 6.70899987221, 0, 
07:40 02-03, Random-9, 9-9-3, 15, 200, 9, 7078590, 8.02600002289, 3022048, 21.6269989014, 3481664, 25.7970011234, 297577, 1.17199993134, 0, 0, 
07:44 02-03, Random-7, 7-7-3, 10, 160, 7, 1725780, 2.01499986649, 752800, 7.51199889183, 818080, 8.5910012722, 140615, 0.811000108719, 0, 0, 46.1949999332, 1, 
07:45 02-03, Random-7, 7-7-3, 11, 128, 7, 1898358, 2.15000009537, 776288, 6.14299941063, 1057120, 8.3390007019, 83623, 0.355999946594, 0, 0, 8.84999990463, 1, 
07:45 02-03, Random-9, 9-9-3, 14, 152, 9, 6606684, 7.73799991608, 2151632, 12.7239997387, 2893216, 16.9140000343, 225417, 0.726999998093, 0, 0, 
07:49 02-03, Random-6, 6-6-3, 8, 64, 6, 744768, 0.807999849319, 209664, 1.30899977684, 391488, 2.3700003624, 48006, 0.168999910355, 0, 0, 0.818000078201, 1, 
07:49 02-03, Random-9, 9-9-3, 13, 184, 9, 6134778, 6.73000001907, 2018576, 15.3460011482, 2815136, 20.8799989223, 400457, 2.10100007057, 0, 0, 58.628000021, 1, 
07:51 02-03, Random-4, 4-4-3, 7, 56, 4, 128352, 0.118999958038, 79872, 0.675999879837, 113280, 0.925000190735, 12036, 0.055999994278, 0, 0, 0.220999956131, 1, 
07:52 02-03, Random-3, 3-3-3, 6, 88, 3, 34668, 0.0380001068115, 18720, 0.962999820709, 38816, 1.18600010872, 3331, 0.310000181198, 0, 0, 0.0269999504089, 0, 
07:52 02-03, Random-3, 3-3-3, 7, 96, 4, 40446, 0.0239999294281, 27216, 1.29099988937, 53344, 1.70600008965, 6692, 0.330000162125, 0, 0, 0.0380001068115, 0, 
07:52 02-03, Random-3, 3-3-3, 8, 104, 5, 46224, 0.0269999504089, 37296, 1.51699900627, 69552, 1.97800111771, 10917, 0.361000061035, 0, 0, 0.0540001392365, 0, 
07:52 02-03, Random-5, 5-5-3, 8, 64, 5, 358800, 0.381000041962, 170240, 1.17700028419, 235200, 1.59599971771, 25285, 0.0969998836517, 0, 0, 0.332000017166, 1, 
07:52 02-03, Random-5, 5-5-3, 10, 120, 5, 448500, 0.481999874115, 285424, 3.14200091362, 376400, 4.05299925804, 34789, 0.194999933243, 0, 0, 5.97699999809, 1, 
07:52 02-03, Random-4, 4-4-3, 7, 56, 4, 128352, 0.128000020981, 79872, 0.668999910355, 83456, 0.698000192642, 20484, 0.095999956131, 0, 0, 0.295000076294, 1, 
07:52 02-03, Random-7, 7-7-3, 10, 160, 7, 1725780, 2.11699986458, 672896, 7.12400007248, 951328, 9.91199994087, 124039, 0.582999944687, 0, 0, 7.80900001526, 1, 
07:53 02-03, Random-10, 10-10-3, 13, 104, 10, 9352200, 10.253000021, 2140160, 10.9360005856, 2813760, 14.3929994106, 186890, 0.565999984741, 0, 0, 89.5010001659, 0, 
07:55 02-03, Random-10, 10-10-3, 14, 112, 11, 10071600, 9.53200006485, 2463040, 12.6589987278, 3251840, 16.8070011139, 234891, 0.711999893188, 0, 
07:56 02-03, Random-8, 8-8-3, 12, 176, 8, 3534336, 4.02199983597, 1444608, 10.3420011997, 1740448, 12.354998827, 259656, 1.02999997139, 0, 0, 47.9779999256, 1, 
08:00 02-03, Random-5, 5-5-3, 8, 104, 5, 358800, 0.342000007629, 186528, 2.70899939537, 187728, 3.02700042725, 41189, 0.314999818802, 0, 0, 1.02900004387, 1, 
08:01 02-03, Random-3, 3-3-3, 5, 80, 3, 28890, 0.0339999198914, 16016, 1.06999969482, 12368, 1.05800032616, 6051, 0.101999998093, 0, 0, 0.0230000019073, 0, 
08:01 02-03, Random-3, 3-3-3, 6, 88, 4, 34668, 0.0199999809265, 24272, 1.05900025368, 19552, 0.981999635696, 10276, 0.135999917984, 0, 0, 0.0329999923706, 0, 
08:01 02-03, Random-3, 3-3-3, 7, 96, 5, 40446, 0.0250000953674, 34112, 1.29799985886, 29488, 1.26400017738, 13221, 0.200000047684, 0, 0, 0.0449998378754, 0, 
08:01 02-03, Random-9, 9-9-3, 12, 136, 9, 5662872, 6.5, 1462032, 9.48899936676, 2320496, 14.5860006809, 253705, 1.05099987984, 0, 0, 
08:05 02-03, Random-3, 3-3-3, 4, 32, 3, 23112, 0.0320000648499, 13536, 0.15499997139, 7776, 0.0929999351501, 8067, 0.050999879837, 0, 0, 0.250999927521, 1, 
08:05 02-03, Random-5, 5-5-3, 8, 104, 5, 358800, 0.345999956131, 186528, 2.38100004196, 230784, 3.02499985695, 31589, 0.306999921799, 0, 0, 0.50200009346, 1, 
08:05 02-03, Random-6, 6-6-3, 10, 80, 6, 930960, 1.01300001144, 443328, 2.67799949646, 494400, 2.99300050735, 55302, 0.197999954224, 0, 0, 0.931999921799, 1, 
08:05 02-03, Random-8, 8-8-3, 11, 128, 8, 3239808, 3.51099991798, 944640, 6.90400004387, 1422944, 9.98300004005, 198856, 0.921000003815, 0, 0, 
08:09 02-03, Random-10, 10-10-3, 14, 192, 10, 10071600, 10.5780000687, 3205760, 19.8160004616, 4118656, 25.2069995403, 447498, 1.75900006294, 0, 
08:12 02-03, Random-3, 3-3-3, 6, 48, 3, 34668, 0.0380001068115, 30480, 0.363000869751, 36192, 0.413999080658, 6339, 0.0409998893738, 0, 0, 0.055999994278, 1, 
08:12 02-03, Random-9, 9-9-3, 13, 144, 9, 6134778, 6.73300004005, 1880336, 10.8739998341, 2685440, 15.3040001392, 189993, 0.617000102997, 0, 0, 192.461999893, 0, 
08:18 02-03, Random-10, 10-10-3, 13, 184, 10, 9352200, 10.2200000286, 2828224, 18.1440000534, 3542848, 23.0920000076, 352138, 3.40499997139, 0, 
08:19 02-03, Random-3, 3-3-3, 4, 32, 3, 23112, 0.0339999198914, 9504, 0.120000123978, 15456, 0.174000024796, 7107, 0.0460000038147, 0, 0, 0.0270001888275, 1, 
08:19 02-03, Random-4, 4-4-3, 7, 56, 4, 128352, 0.139999866486, 64512, 0.570999860764, 116352, 0.965000152588, 17156, 0.0859999656677, 0, 0, 0.294999837875, 1, 
08:19 02-03, Random-4, 4-4-3, 7, 136, 4, 128352, 0.121000051498, 75264, 3.67900061607, 53504, 3.03099942207, 19972, 1.25999999046, 0, 0, 0.352999925613, 0, 
08:19 02-03, Random-4, 4-4-3, 8, 144, 5, 146688, 0.113999843597, 99328, 4.07899951935, 74368, 3.4500002861, 28165, 1.30000019073, 0, 0, 0.373000144958, 0, 
08:19 02-03, Random-4, 4-4-3, 9, 152, 6, 165024, 0.128000020981, 126464, 4.73600053787, 98176, 4.81299948692, 38662, 0.650000095367, 0, 0, 2.39100003242, 0, 
08:19 02-03, Random-7, 7-7-3, 10, 80, 7, 1725780, 2.10800004005, 616112, 3.47800064087, 668192, 3.78899931908, 106407, 0.349999904633, 0, 0, 23.2019999027, 1, 
08:20 02-03, Random-9, 9-9-3, 12, 96, 9, 5662872, 6.4509999752, 1476000, 7.67699980736, 1778976, 9.26500034332, 186921, 0.575000047684, 0, 0, 8.33399987221, 1, 
08:20 02-03, Random-4, 4-4-3, 5, 80, 4, 91680, 0.0679998397827, 30720, 1.02600026131, 49440, 1.11699986458, 12996, 0.434000015259, 0, 0, 1.20199990273, 0, 
08:21 02-03, Random-4, 4-4-3, 6, 88, 5, 110016, 0.0929999351501, 46080, 1.09800028801, 70880, 1.43999958038, 21189, 0.474999904633, 0, 0, 1.96099996567, 0, 
08:21 02-03, Random-4, 4-4-3, 7, 96, 6, 128352, 0.102999925613, 64512, 1.38499951363, 96960, 1.75000047684, 28294, 0.697999954224, 0, 0, 4.92599987984, 0, 
08:21 02-03, Random-3, 3-3-3, 5, 40, 3, 28890, 0.0340001583099, 21216, 0.246999740601, 23520, 0.262000083923, 6339, 0.039999961853, 0, 0, 0.0390000343323, 1, 
08:22 02-03, Random-5, 5-5-3, 8, 64, 5, 358800, 0.342000007629, 170240, 1.17199993134, 236720, 1.59600019455, 22245, 0.0860002040863, 0, 0, 1.71800017357, 1, 
08:22 02-03, Random-4, 4-4-3, 7, 96, 4, 128352, 0.118999958038, 64512, 1.69600009918, 123008, 2.63700008392, 10116, 0.199000120163, 0, 0, 1.02399992943, 0, 
08:23 02-03, Random-4, 4-4-3, 8, 104, 5, 146688, 0.115999937057, 86016, 2.11499929428, 158400, 3.17900085449, 17029, 0.230000019073, 0, 0, 3.49099993706, 0, 
08:23 02-03, Random-4, 4-4-3, 9, 112, 6, 165024, 0.131000041962, 110592, 2.52900123596, 198208, 3.80899858475, 23302, 0.265000104904, 0, 0, 4.72800016403, 0, 
08:23 02-03, Random-9, 9-9-3, 11, 128, 9, 5190966, 6.18799996376, 1390880, 9.02200007439, 1727840, 11.3399999142, 253545, 0.920000076294, 0, 0, 
08:27 02-03, Random-10, 10-10-3, 12, 176, 10, 8632800, 9.81999993324, 2472768, 16.3179998398, 2934912, 19.4050002098, 477194, 1.76499986649, 0, 
08:28 02-03, Random-3, 3-3-3, 6, 88, 3, 34668, 0.0379998683929, 18720, 0.855999708176, 32432, 1.08500027657, 4579, 0.322999954224, 0, 0, 0.0280001163483, 0, 
08:28 02-03, Random-3, 3-3-3, 7, 96, 4, 40446, 0.0240001678467, 27216, 1.09999990463, 44512, 1.35500001907, 8228, 0.395999908447, 0, 0, 0.0390000343323, 0, 
08:28 02-03, Random-3, 3-3-3, 8, 104, 5, 46224, 0.0280001163483, 37296, 1.31000065804, 58416, 1.66699934006, 12453, 0.37299990654, 0, 0, 0.050999879837, 0, 
08:28 02-03, Random-3, 3-3-3, 5, 80, 3, 28890, 0.0369999408722, 19264, 0.830000400543, 11520, 0.504999637604, 3523, 0.307000160217, 0, 0, 0.0190000534058, 0, 
08:28 02-03, Random-3, 3-3-3, 6, 88, 4, 34668, 0.0199999809265, 28864, 0.909999608994, 18800, 0.610000371933, 7172, 0.330000162125, 0, 0, 0.0280001163483, 0, 
08:28 02-03, Random-3, 3-3-3, 7, 96, 5, 40446, 0.0230000019073, 40048, 1.13700008392, 28144, 0.861999988556, 10917, 0.390999794006, 0, 0, 0.039999961853, 0, 
08:28 02-03, Random-5, 5-5-3, 6, 48, 5, 269100, 0.238000154495, 114320, 0.819999694824, 90880, 0.621000289917, 24805, 0.095999956131, 0, 0, 8.30799984932, 0, 
08:28 02-03, Random-5, 5-5-3, 7, 56, 6, 313950, 0.259999990463, 152880, 1.04100036621, 128240, 0.941999673843, 36486, 0.143000125885, 0, 0, 14.4529998302, 0, 
08:29 02-03, Random-5, 5-5-3, 8, 64, 7, 358800, 0.355999946594, 196480, 1.3619992733, 172560, 1.20200061798, 47687, 0.306999921799, 0, 0, 31.5420000553, 0, 
08:29 02-03, Random-8, 8-8-3, 13, 184, 8, 3828864, 4.25899982452, 1658624, 13.034999609, 2206272, 16.8750004768, 217480, 1.16600012779, 0, 0, 113.549000025, 1, 
08:32 02-03, Random-4, 4-4-3, 8, 104, 4, 146688, 0.130999803543, 102656, 2.10600066185, 125824, 2.63999938965, 18052, 0.217000007629, 0, 0, 2.94400000572, 0, 
08:32 02-03, Random-4, 4-4-3, 9, 112, 5, 165024, 0.133000135422, 129792, 2.62399983406, 159040, 3.15100002289, 26245, 0.192999839783, 0, 0, 10.7409999371, 0, 
08:32 02-03, Random-4, 4-4-3, 10, 120, 6, 183360, 0.142000198364, 160000, 3.09299945831, 197312, 3.74200034142, 32518, 0.31500005722, 0, 0, 10.2860000134, 0, 
08:33 02-03, Random-11, 11-11-3, 12, 136, 11, 12641112, 13.370000124, 2790064, 15.9959995747, 3011680, 17.7880003452, 416555, 1.27900004387, 0, 
08:34 02-03, Random-4, 4-4-3, 8, 64, 4, 146688, 0.128999948502, 86016, 0.74799990654, 170816, 1.38899993896, 14724, 0.0680000782013, 0, 0, 0.203999996185, 1, 
08:34 02-03, Random-4, 4-4-3, 8, 144, 4, 146688, 0.131999969482, 83968, 3.2999997139, 101888, 3.10300016403, 19972, 1.26900005341, 0, 0, 0.125999927521, 0, 
08:34 02-03, Random-4, 4-4-3, 9, 152, 5, 165024, 0.121999979019, 108544, 3.7449991703, 130432, 3.54900097847, 28165, 1.30599999428, 0, 0, 0.164999961853, 0, 
08:34 02-03, Random-4, 4-4-3, 10, 160, 6, 183360, 0.138000011444, 136192, 3.83699965477, 163072, 3.53600025177, 36358, 1.36299991608, 0, 0, 0.204999923706, 0, 
08:34 02-03, Random-10, 10-10-3, 14, 192, 10, 10071600, 10.7079999447, 3445504, 22.1559994221, 3939776, 26.3780004978, 360458, 1.28400015831, 0, 
08:35 02-03, Random-8, 8-8-3, 12, 176, 8, 3534336, 4.03600001335, 1568256, 12.0240006447, 1633504, 13.1349992752, 183624, 0.720999956131, 0, 0, 
08:40 02-03, Random-7, 7-7-3, 10, 160, 7, 1725780, 1.99699997902, 752800, 6.71999979019, 862800, 7.8060002327, 133287, 0.832999944687, 0, 0, 14.9900000095, 1, 
08:40 02-03, Random-5, 5-5-3, 9, 112, 5, 403650, 0.440999984741, 263008, 3.48300027847, 266176, 3.8039996624, 34789, 0.1890001297, 0, 0, 0.65499997139, 1, 
08:40 02-03, Random-3, 3-3-3, 6, 88, 3, 34668, 0.0389997959137, 18720, 0.869999647141, 29088, 1.09900021553, 7395, 0.147000074387, 0, 0, 0.0319998264313, 0, 
08:41 02-03, Random-3, 3-3-3, 7, 96, 4, 40446, 0.0260000228882, 27216, 1.09099888802, 40304, 1.40400099754, 11620, 0.203999996185, 0, 0, 0.0539999008179, 0, 
08:41 02-03, Random-3, 3-3-3, 8, 104, 5, 46224, 0.0279998779297, 37296, 1.31599974632, 54560, 1.59600019455, 13989, 0.387000083923, 0, 0, 0.0529999732971, 0, 
08:41 02-03, Random-8, 8-8-3, 11, 128, 8, 3239808, 3.58299994469, 1060992, 7.10700035095, 1394272, 9.25399947166, 162376, 0.551000118256, 0, 0, 127.996999979, 0, 
08:43 02-03, Random-8, 8-8-3, 12, 136, 9, 3534336, 3.21600008011, 1242752, 8.2780008316, 1635360, 10.832998991, 192585, 0.641999959946, 0, 0, 
08:45 02-03, Random-9, 9-9-3, 13, 104, 9, 6134778, 6.61899995804, 1717344, 8.91400003433, 1928448, 10.0349998474, 241641, 0.746000051498, 0, 0, 99.3510000706, 1, 
08:47 02-03, Random-5, 5-5-3, 9, 72, 5, 403650, 0.434000015259, 214720, 1.4899995327, 305040, 2.0710003376, 29605, 0.112999916077, 0, 0, 0.574000120163, 1, 
08:47 02-03, Random-5, 5-5-3, 9, 112, 5, 403650, 0.47000002861, 233456, 3.28299951553, 276624, 3.99700045586, 37349, 0.299999952316, 0, 0, 12.4430000782, 1, 
08:47 02-03, Random-10, 10-10-3, 14, 192, 10, 10071600, 10.6779999733, 3445504, 22.9150004387, 4038272, 27.5859994888, 365194, 1.37200021744, 0, 
08:49 02-03, Random-8, 8-8-3, 11, 128, 8, 3239808, 3.44299983978, 1060992, 7.23600101471, 1336704, 8.58199906349, 238984, 1.12599992752, 0, 0, 20.8359999657, 1, 
08:49 02-03, Random-3, 3-3-3, 5, 40, 3, 28890, 0.0340001583099, 15840, 0.199999809265, 33120, 0.370000123978, 4803, 0.0299999713898, 0, 0, 0.0769999027252, 1, 
08:49 02-03, Random-4, 4-4-3, 7, 96, 4, 128352, 0.131999969482, 64512, 1.2480006218, 96768, 1.57899928093, 19844, 0.194000005722, 0, 0, 14.7899999619, 0, 
08:50 02-03, Random-4, 4-4-3, 8, 104, 5, 146688, 0.115999937057, 86016, 1.57099986076, 125376, 1.93200016022, 28037, 0.30999994278, 0, 0, 12.2050001621, 0, 
08:50 02-03, Random-4, 4-4-3, 9, 112, 6, 165024, 0.128000020981, 110592, 1.93699884415, 158080, 2.54100131989, 36230, 0.277000188828, 0, 0, 19.2760000229, 0, 
08:50 02-03, Random-3, 3-3-3, 6, 48, 3, 34668, 0.0449998378754, 30480, 0.362000226974, 39744, 0.448999881744, 5571, 0.0339999198914, 0, 0, 0.066999912262, 1, 
08:50 02-03, Random-8, 8-8-3, 11, 168, 8, 3239808, 3.50499987602, 1356800, 10.8640015125, 1378816, 10.4329986572, 180232, 1.86800003052, 0, 0, 7.07800006866, 1, 
08:51 02-03, Random-5, 5-5-3, 9, 152, 5, 403650, 0.440999984741, 247440, 4.35599994659, 318048, 5.367000103, 33413, 0.282999992371, 0, 0, 166.45299983, 0, 
08:54 02-03, Random-5, 5-5-3, 10, 160, 6, 448500, 0.371000051498, 301856, 5.132999897, 388352, 5.96800017357, 47494, 0.56500005722, 0, 0, 
08:55 02-03, Random-4, 4-4-3, 7, 56, 4, 128352, 0.118000030518, 79872, 0.670000314713, 112128, 0.902999639511, 10244, 0.0450000762939, 0, 0, 0.585999965668, 1, 
08:55 02-03, Random-5, 5-5-3, 10, 160, 5, 448500, 0.486000061035, 301856, 5.38899898529, 328208, 5.30600070953, 36389, 1.33700013161, 0, 0, 0.408999919891, 0, 
08:55 02-03, Random-5, 5-5-3, 11, 168, 6, 493350, 0.421000003815, 361312, 5.73000121117, 389040, 6.26599860191, 60454, 0.825000047684, 0, 0, 44.9329998493, 0, 
08:56 02-03, Random-5, 5-5-3, 12, 176, 7, 538200, 0.460000038147, 425808, 6.27899932861, 461904, 7.07300066948, 73895, 0.68499994278, 0, 0, 68.1349999905, 0, 
08:58 02-03, Random-7, 7-7-3, 11, 168, 7, 1898358, 2.16899991035, 971392, 8.61599993706, 992704, 9.40900015831, 130343, 0.674000024796, 0, 0, 29.9399998188, 1, 
08:59 02-03, Random-5, 5-5-3, 9, 152, 5, 403650, 0.4390001297, 215856, 4.75699973106, 335600, 6.85300016403, 33381, 0.302999973297, 0, 0, 6.98699998856, 0, 
08:59 02-03, Random-5, 5-5-3, 10, 160, 6, 448500, 0.370000123978, 266112, 5.49799919128, 404816, 7.50600075722, 48358, 0.739000082016, 0, 0, 12.5869998932, 0, 
09:00 02-03, Random-5, 5-5-3, 11, 168, 7, 493350, 0.415999889374, 321408, 6.32399940491, 480752, 8.64000082016, 63335, 0.819999933243, 0, 0, 15.2409999371, 0, 
09:00 02-03, Random-4, 4-4-3, 7, 96, 4, 128352, 0.133000135422, 64512, 1.68199968338, 106304, 2.17200016975, 17412, 0.463999986649, 0, 0, 5.22800016403, 0, 
09:00 02-03, Random-4, 4-4-3, 8, 104, 5, 146688, 0.115000009537, 86016, 2.0649998188, 137600, 2.76400017738, 24325, 0.571000099182, 0, 0, 8.37800002098, 0, 
09:01 02-03, Random-4, 4-4-3, 9, 112, 6, 165024, 0.128999948502, 110592, 2.46799898148, 172352, 3.3300011158, 32518, 0.543999910355, 0, 0, 21.0490000248, 0, 
09:01 02-03, Random-9, 9-9-3, 12, 136, 9, 5662872, 6.5110001564, 1626752, 10.4700012207, 2235024, 14.4439988136, 213609, 0.6890001297, 0, 0, 14.8629999161, 1, 
09:02 02-03, Random-8, 8-8-3, 13, 144, 8, 3828864, 4.25999999046, 1438336, 9.74599957466, 1991488, 13.3310005665, 182408, 0.668999910355, 0, 0, 50.3379998207, 1, 
09:03 02-03, Random-3, 3-3-3, 4, 32, 3, 23112, 0.0310001373291, 9504, 0.123000144958, 14784, 0.166999816895, 10371, 0.0729999542236, 0, 0, 0.0699999332428, 1, 
09:03 02-03, Random-8, 8-8-3, 13, 104, 8, 3828864, 4.28500008583, 1213440, 6.5689997673, 1930240, 10.3660001755, 116744, 0.367000102997, 0, 0, 3.63000011444, 1, 
09:04 02-03, Random-4, 4-4-3, 6, 88, 4, 110016, 0.0799999237061, 57600, 0.987000465393, 64928, 1.02999973297, 12484, 0.296999931335, 0, 0, 0.502999782562, 1, 
09:04 02-03, Random-8, 8-8-3, 11, 88, 8, 3239808, 3.57700014114, 872960, 4.72700023651, 1300992, 6.99399971962, 109576, 0.34299993515, 0, 0, 15.1290001869, 1, 
09:05 02-03, Random-9, 9-9-3, 8, 104, 9, 3775248, 4.13400006294, 789536, 4.6779999733, 747248, 4.33200001717, 373801, 1.48900008202, 0, 0, 